INSERT INTO Betting_Db.country (id, name) VALUES (1, 'Poland');
INSERT INTO Betting_Db.country (id, name) VALUES (2, 'England');
INSERT INTO Betting_Db.country (id, name) VALUES (3, 'Madagascar');

INSERT INTO Betting_Db.role (role_id, role) VALUES (1, 'ROLE_ADMIN');
INSERT INTO Betting_Db.role (role_id, role) VALUES (2, 'ROLE_USER');

INSERT INTO Betting_Db.user (id, email, first_name, last_name, username, enabled, password) VALUES (1, 'admin@admin', 'admin', 'admin', 'admin',true,'$2a$10$7j9m7gaS/LRXGvS4dpHqw.KNe7D4A2bnyRRaYJ9xVAWXKkQyhByuG');
INSERT INTO Betting_Db.user_roles (user_id, roles_role_id) VALUES (1, 1);
INSERT INTO Betting_Db.user_roles (user_id, roles_role_id) VALUES (1, 2);

INSERT INTO Betting_Db.wallet (id, balance, user_id) VALUES (1, 20.00, 1);

INSERT INTO Betting_Db.league (id, name, country_id) VALUES (1, 'Ekstraklasa', 1);
INSERT INTO Betting_Db.league (id, name, country_id) VALUES (2, '1 Liga', 1);
INSERT INTO Betting_Db.league (id, name, country_id) VALUES (3, '2 Liga', 1);
INSERT INTO Betting_Db.league (id, name, country_id) VALUES (4, 'Champions League', 3);
INSERT INTO Betting_Db.league (id, name, country_id) VALUES (5, '1 League', 3);
INSERT INTO Betting_Db.league (id, name, country_id) VALUES (6, '2 League', 3);

INSERT INTO Betting_Db.team (id, name, standing, league_id) VALUES (1, 'Montana whales', 1, 1);
INSERT INTO Betting_Db.team (id, name, standing, league_id) VALUES (2, 'Illinois elves', 2, 1);
INSERT INTO Betting_Db.team (id, name, standing, league_id) VALUES (3, 'Georgia whales', 3, 1);
INSERT INTO Betting_Db.team (id, name, standing, league_id) VALUES (4, 'Mississippi pigs', 4, 1);
INSERT INTO Betting_Db.team (id, name, standing, league_id) VALUES (5, 'Connecticut frogs', 5, 1);
INSERT INTO Betting_Db.team (id, name, standing, league_id) VALUES (6, 'Arkansas monkeys', 6, 1);
INSERT INTO Betting_Db.team (id, name, standing, league_id) VALUES (7, 'North Carolina ducks', 7, 1);
INSERT INTO Betting_Db.team (id, name, standing, league_id) VALUES (8, 'Nevada goats', 8, 1);
INSERT INTO Betting_Db.team (id, name, standing, league_id) VALUES (9, 'New Hampshire pigs', 9, 1);
INSERT INTO Betting_Db.team (id, name, standing, league_id) VALUES (10, 'Pennsylvania goblins', 10, 1);
INSERT INTO Betting_Db.team (id, name, standing, league_id) VALUES (11, 'California elves', 1, 4);
INSERT INTO Betting_Db.team (id, name, standing, league_id) VALUES (12, 'Connecticut crows', 2, 4);
INSERT INTO Betting_Db.team (id, name, standing, league_id) VALUES (13, 'Vermont exorcists', 3, 4);
INSERT INTO Betting_Db.team (id, name, standing, league_id) VALUES (14, 'Wisconsin geese', 4, 4);
INSERT INTO Betting_Db.team (id, name, standing, league_id) VALUES (15, 'Oregon oxen', 5, 4);
INSERT INTO Betting_Db.team (id, name, standing, league_id) VALUES (16, 'Connecticut elves', 6, 4);
INSERT INTO Betting_Db.team (id, name, standing, league_id) VALUES (17, 'Montana elves', 7, 4);
INSERT INTO Betting_Db.team (id, name, standing, league_id) VALUES (18, 'New York oxen', 8, 4);
INSERT INTO Betting_Db.team (id, name, standing, league_id) VALUES (19, 'Connecticut penguins', 9, 4);
INSERT INTO Betting_Db.team (id, name, standing, league_id) VALUES (20, 'Nevada pigs', 10, 4);
INSERT INTO Betting_Db.team (id, name, standing, league_id) VALUES (21, 'Utah spiders', 11, 4);
INSERT INTO Betting_Db.team (id, name, standing, league_id) VALUES (22, 'Illinois chimeras', 12, 4);
INSERT INTO Betting_Db.team (id, name, standing, league_id) VALUES (23, 'Georgia spirits', 13, 4);
INSERT INTO Betting_Db.team (id, name, standing, league_id) VALUES (24, 'Colorado worshipers', 14, 4);
INSERT INTO Betting_Db.team (id, name, standing, league_id) VALUES (25, 'Minnesota oxen', 1, 2);
INSERT INTO Betting_Db.team (id, name, standing, league_id) VALUES (26, 'Wyoming foes', 2, 2);
INSERT INTO Betting_Db.team (id, name, standing, league_id) VALUES (27, 'Georgia foes', 3, 2);
INSERT INTO Betting_Db.team (id, name, standing, league_id) VALUES (28, 'Utah penguins', 4, 2);
INSERT INTO Betting_Db.team (id, name, standing, league_id) VALUES (29, 'Wyoming chickens', 5, 2);
INSERT INTO Betting_Db.team (id, name, standing, league_id) VALUES (30, 'Oregon sheep', 6, 2);
INSERT INTO Betting_Db.team (id, name, standing, league_id) VALUES (31, 'Florida wolves', 7, 2);
INSERT INTO Betting_Db.team (id, name, standing, league_id) VALUES (32, 'Indiana penguins', 8, 2);
INSERT INTO Betting_Db.team (id, name, standing, league_id) VALUES (33, 'Florida lycanthropes', 9, 2);
INSERT INTO Betting_Db.team (id, name, standing, league_id) VALUES (34, 'Arizona worshipers', 10, 2);
INSERT INTO Betting_Db.team (id, name, standing, league_id) VALUES (35, 'Montana ghosts', 11, 2);
INSERT INTO Betting_Db.team (id, name, standing, league_id) VALUES (36, 'Nebraska dragons', 1, 3);
INSERT INTO Betting_Db.team (id, name, standing, league_id) VALUES (37, 'North Carolina dragons', 2, 3);
INSERT INTO Betting_Db.team (id, name, standing, league_id) VALUES (38, 'Pennsylvania oracles', 3, 3);
INSERT INTO Betting_Db.team (id, name, standing, league_id) VALUES (39, 'Oregon ants', 4, 3);
INSERT INTO Betting_Db.team (id, name, standing, league_id) VALUES (40, 'Oklahoma vixens', 5, 3);
INSERT INTO Betting_Db.team (id, name, standing, league_id) VALUES (41, 'Florida spiders', 6, 3);
INSERT INTO Betting_Db.team (id, name, standing, league_id) VALUES (42, 'Oregon witches', 7, 3);
INSERT INTO Betting_Db.team (id, name, standing, league_id) VALUES (43, 'Washington ducks', 8, 3);
INSERT INTO Betting_Db.team (id, name, standing, league_id) VALUES (44, 'Florida oxen', 9, 3);
INSERT INTO Betting_Db.team (id, name, standing, league_id) VALUES (45, 'Nevada oracles', 10, 3);
INSERT INTO Betting_Db.team (id, name, standing, league_id) VALUES (46, 'Illinois sheep', 11, 3);
INSERT INTO Betting_Db.team (id, name, standing, league_id) VALUES (47, 'California elves', 12, 3);
INSERT INTO Betting_Db.team (id, name, standing, league_id) VALUES (48, 'New Mexico buffalo', 13, 3);
INSERT INTO Betting_Db.team (id, name, standing, league_id) VALUES (49, 'Rhode Island zombies', 14, 3);
INSERT INTO Betting_Db.team (id, name, standing, league_id) VALUES (50, 'Arkansas foxes', 15, 3);

INSERT INTO Betting_Db.player (id, first_name, last_name, team_id) VALUES (1156, 'Chasity', 'Dickinson', 1);
INSERT INTO Betting_Db.player (id, first_name, last_name, team_id) VALUES (1157, 'Pablo', 'Renner', 2);
INSERT INTO Betting_Db.player (id, first_name, last_name, team_id) VALUES (1158, 'Madeline', 'McLaughlin', 3);
INSERT INTO Betting_Db.player (id, first_name, last_name, team_id) VALUES (1159, 'Chester', 'Robel', 4);
INSERT INTO Betting_Db.player (id, first_name, last_name, team_id) VALUES (1160, 'Leann', 'Feest', 5);
INSERT INTO Betting_Db.player (id, first_name, last_name, team_id) VALUES (1161, 'Darren', 'Jerde', 6);
INSERT INTO Betting_Db.player (id, first_name, last_name, team_id) VALUES (1162, 'Brittany', 'Willms', 7);
INSERT INTO Betting_Db.player (id, first_name, last_name, team_id) VALUES (1163, 'Tanya', 'Thompson', 8);
INSERT INTO Betting_Db.player (id, first_name, last_name, team_id) VALUES (1164, 'Willis', 'Kub', 9);
INSERT INTO Betting_Db.player (id, first_name, last_name, team_id) VALUES (1165, 'Bruce', 'Okuneva', 10);
INSERT INTO Betting_Db.player (id, first_name, last_name, team_id) VALUES (1166, 'Reese', 'Raynor', 11);
INSERT INTO Betting_Db.player (id, first_name, last_name, team_id) VALUES (1167, 'Pierre', 'Sauer', 12);
INSERT INTO Betting_Db.player (id, first_name, last_name, team_id) VALUES (1168, 'Ophelia', 'Macejkovic', 13);
INSERT INTO Betting_Db.player (id, first_name, last_name, team_id) VALUES (1169, 'Jillian', 'Becker', 14);
INSERT INTO Betting_Db.player (id, first_name, last_name, team_id) VALUES (1170, 'Joyce', 'Hermann', 15);
INSERT INTO Betting_Db.player (id, first_name, last_name, team_id) VALUES (1171, 'Yasmine', 'Keeling', 1);
INSERT INTO Betting_Db.player (id, first_name, last_name, team_id) VALUES (1172, 'Eden', 'Gutmann', 2);
INSERT INTO Betting_Db.player (id, first_name, last_name, team_id) VALUES (1173, 'Myah', 'Baumbach', 3);
INSERT INTO Betting_Db.player (id, first_name, last_name, team_id) VALUES (1174, 'Gaston', 'Hettinger', 4);
INSERT INTO Betting_Db.player (id, first_name, last_name, team_id) VALUES (1175, 'Connie', 'Denesik', 5);
INSERT INTO Betting_Db.player (id, first_name, last_name, team_id) VALUES (1176, 'Josefina', 'Brekke', 6);
INSERT INTO Betting_Db.player (id, first_name, last_name, team_id) VALUES (1177, 'Macy', 'O''Reilly', 7);
INSERT INTO Betting_Db.player (id, first_name, last_name, team_id) VALUES (1178, 'Ardella', 'Hahn', 8);
INSERT INTO Betting_Db.player (id, first_name, last_name, team_id) VALUES (1179, 'Nelson', 'Ullrich', 9);
INSERT INTO Betting_Db.player (id, first_name, last_name, team_id) VALUES (1180, 'Pearlie', 'Pollich', 10);
INSERT INTO Betting_Db.player (id, first_name, last_name, team_id) VALUES (1181, 'Marilyne', 'Harber', 11);
INSERT INTO Betting_Db.player (id, first_name, last_name, team_id) VALUES (1182, 'Darryl', 'Lowe', 12);
INSERT INTO Betting_Db.player (id, first_name, last_name, team_id) VALUES (1183, 'Archibald', 'Lynch', 13);
INSERT INTO Betting_Db.player (id, first_name, last_name, team_id) VALUES (1184, 'Lindsey', 'Armstrong', 14);
INSERT INTO Betting_Db.player (id, first_name, last_name, team_id) VALUES (1185, 'Nadia', 'Dooley', 15);
INSERT INTO Betting_Db.player (id, first_name, last_name, team_id) VALUES (1186, 'Axel', 'Feest', 1);
INSERT INTO Betting_Db.player (id, first_name, last_name, team_id) VALUES (1187, 'Clifton', 'Pacocha', 2);
INSERT INTO Betting_Db.player (id, first_name, last_name, team_id) VALUES (1188, 'Damaris', 'Runte', 3);
INSERT INTO Betting_Db.player (id, first_name, last_name, team_id) VALUES (1189, 'Amira', 'Jakubowski', 4);
INSERT INTO Betting_Db.player (id, first_name, last_name, team_id) VALUES (1190, 'Tara', 'Grant', 5);
INSERT INTO Betting_Db.player (id, first_name, last_name, team_id) VALUES (1191, 'Buddy', 'Adams', 6);
INSERT INTO Betting_Db.player (id, first_name, last_name, team_id) VALUES (1192, 'Luther', 'Hilpert', 7);
INSERT INTO Betting_Db.player (id, first_name, last_name, team_id) VALUES (1193, 'Laron', 'Blanda', 8);
INSERT INTO Betting_Db.player (id, first_name, last_name, team_id) VALUES (1194, 'Freddie', 'Kunde', 9);
INSERT INTO Betting_Db.player (id, first_name, last_name, team_id) VALUES (1195, 'Lucinda', 'Lindgren', 10);
INSERT INTO Betting_Db.player (id, first_name, last_name, team_id) VALUES (1196, 'Teagan', 'Upton', 11);
INSERT INTO Betting_Db.player (id, first_name, last_name, team_id) VALUES (1197, 'Karelle', 'Schaden', 12);
INSERT INTO Betting_Db.player (id, first_name, last_name, team_id) VALUES (1198, 'Darrell', 'Gislason', 13);
INSERT INTO Betting_Db.player (id, first_name, last_name, team_id) VALUES (1199, 'Duane', 'Klocko', 14);
INSERT INTO Betting_Db.player (id, first_name, last_name, team_id) VALUES (1200, 'Missouri', 'Adams', 15);
INSERT INTO Betting_Db.player (id, first_name, last_name, team_id) VALUES (1201, 'Mara', 'Brakus', 1);
INSERT INTO Betting_Db.player (id, first_name, last_name, team_id) VALUES (1202, 'Josephine', 'Anderson', 2);
INSERT INTO Betting_Db.player (id, first_name, last_name, team_id) VALUES (1203, 'Eulalia', 'Schuppe', 3);
INSERT INTO Betting_Db.player (id, first_name, last_name, team_id) VALUES (1204, 'Zaria', 'Rippin', 4);
INSERT INTO Betting_Db.player (id, first_name, last_name, team_id) VALUES (1205, 'Humberto', 'Schaden', 5);
INSERT INTO Betting_Db.player (id, first_name, last_name, team_id) VALUES (1206, 'Orpha', 'Kovacek', 6);
INSERT INTO Betting_Db.player (id, first_name, last_name, team_id) VALUES (1207, 'Donnie', 'Green', 7);
INSERT INTO Betting_Db.player (id, first_name, last_name, team_id) VALUES (1208, 'Kathryne', 'Schimmel', 8);
INSERT INTO Betting_Db.player (id, first_name, last_name, team_id) VALUES (1209, 'Mellie', 'Rempel', 9);
INSERT INTO Betting_Db.player (id, first_name, last_name, team_id) VALUES (1210, 'Timothy', 'Schaden', 10);
INSERT INTO Betting_Db.player (id, first_name, last_name, team_id) VALUES (1211, 'Lula', 'Weissnat', 11);
INSERT INTO Betting_Db.player (id, first_name, last_name, team_id) VALUES (1212, 'Buddy', 'Russel', 12);
INSERT INTO Betting_Db.player (id, first_name, last_name, team_id) VALUES (1213, 'Natasha', 'Gutkowski', 13);
INSERT INTO Betting_Db.player (id, first_name, last_name, team_id) VALUES (1214, 'Fermin', 'Mills', 14);
INSERT INTO Betting_Db.player (id, first_name, last_name, team_id) VALUES (1215, 'Alison', 'Schaden', 15);
INSERT INTO Betting_Db.player (id, first_name, last_name, team_id) VALUES (1216, 'Brooks', 'Brown', 1);
INSERT INTO Betting_Db.player (id, first_name, last_name, team_id) VALUES (1217, 'Clemmie', 'Buckridge', 2);
INSERT INTO Betting_Db.player (id, first_name, last_name, team_id) VALUES (1218, 'Alba', 'Towne', 3);
INSERT INTO Betting_Db.player (id, first_name, last_name, team_id) VALUES (1219, 'Chase', 'Rodriguez', 4);
INSERT INTO Betting_Db.player (id, first_name, last_name, team_id) VALUES (1220, 'Anastacio', 'Mann', 5);
INSERT INTO Betting_Db.player (id, first_name, last_name, team_id) VALUES (1221, 'Sabryna', 'Schroeder', 6);
INSERT INTO Betting_Db.player (id, first_name, last_name, team_id) VALUES (1222, 'Cleora', 'Bode', 7);
INSERT INTO Betting_Db.player (id, first_name, last_name, team_id) VALUES (1223, 'Adelle', 'Murazik', 8);
INSERT INTO Betting_Db.player (id, first_name, last_name, team_id) VALUES (1224, 'Desiree', 'Hegmann', 9);
INSERT INTO Betting_Db.player (id, first_name, last_name, team_id) VALUES (1225, 'Naomie', 'Swift', 10);
INSERT INTO Betting_Db.player (id, first_name, last_name, team_id) VALUES (1226, 'Brennon', 'Stanton', 11);
INSERT INTO Betting_Db.player (id, first_name, last_name, team_id) VALUES (1227, 'Jaylen', 'Hickle', 12);
INSERT INTO Betting_Db.player (id, first_name, last_name, team_id) VALUES (1228, 'Rosanna', 'Purdy', 13);
INSERT INTO Betting_Db.player (id, first_name, last_name, team_id) VALUES (1229, 'Shad', 'Harvey', 14);
INSERT INTO Betting_Db.player (id, first_name, last_name, team_id) VALUES (1230, 'Lavonne', 'Osinski', 15);
INSERT INTO Betting_Db.player (id, first_name, last_name, team_id) VALUES (1231, 'Van', 'Tremblay', 1);
INSERT INTO Betting_Db.player (id, first_name, last_name, team_id) VALUES (1232, 'Margarita', 'Boyer', 2);
INSERT INTO Betting_Db.player (id, first_name, last_name, team_id) VALUES (1233, 'Mae', 'Daniel', 3);
INSERT INTO Betting_Db.player (id, first_name, last_name, team_id) VALUES (1234, 'Lilla', 'Keebler', 4);
INSERT INTO Betting_Db.player (id, first_name, last_name, team_id) VALUES (1235, 'Shane', 'Upton', 5);
INSERT INTO Betting_Db.player (id, first_name, last_name, team_id) VALUES (1236, 'Margarete', 'Dietrich', 6);
INSERT INTO Betting_Db.player (id, first_name, last_name, team_id) VALUES (1237, 'Dessie', 'Reilly', 7);
INSERT INTO Betting_Db.player (id, first_name, last_name, team_id) VALUES (1238, 'Santino', 'Marks', 8);
INSERT INTO Betting_Db.player (id, first_name, last_name, team_id) VALUES (1239, 'Prudence', 'Rath', 9);
INSERT INTO Betting_Db.player (id, first_name, last_name, team_id) VALUES (1240, 'Troy', 'D''Amore', 10);
INSERT INTO Betting_Db.player (id, first_name, last_name, team_id) VALUES (1241, 'Alene', 'Christiansen', 11);
INSERT INTO Betting_Db.player (id, first_name, last_name, team_id) VALUES (1242, 'Kellen', 'Waelchi', 12);
INSERT INTO Betting_Db.player (id, first_name, last_name, team_id) VALUES (1243, 'Emily', 'Boehm', 13);
INSERT INTO Betting_Db.player (id, first_name, last_name, team_id) VALUES (1244, 'Erich', 'Auer', 14);
INSERT INTO Betting_Db.player (id, first_name, last_name, team_id) VALUES (1245, 'Vida', 'Fadel', 15);
INSERT INTO Betting_Db.player (id, first_name, last_name, team_id) VALUES (1246, 'Hertha', 'Kilback', 1);
INSERT INTO Betting_Db.player (id, first_name, last_name, team_id) VALUES (1247, 'Dion', 'Crooks', 2);
INSERT INTO Betting_Db.player (id, first_name, last_name, team_id) VALUES (1248, 'Raul', 'Williamson', 3);
INSERT INTO Betting_Db.player (id, first_name, last_name, team_id) VALUES (1249, 'Glennie', 'Pollich', 4);
INSERT INTO Betting_Db.player (id, first_name, last_name, team_id) VALUES (1250, 'Floy', 'Harvey', 5);
INSERT INTO Betting_Db.player (id, first_name, last_name, team_id) VALUES (1251, 'Leone', 'Rau', 6);
INSERT INTO Betting_Db.player (id, first_name, last_name, team_id) VALUES (1252, 'Rosalind', 'Emmerich', 7);
INSERT INTO Betting_Db.player (id, first_name, last_name, team_id) VALUES (1253, 'Marquis', 'Haley', 8);
INSERT INTO Betting_Db.player (id, first_name, last_name, team_id) VALUES (1254, 'Kip', 'Jones', 9);
INSERT INTO Betting_Db.player (id, first_name, last_name, team_id) VALUES (1255, 'Charlie', 'Nolan', 10);
INSERT INTO Betting_Db.player (id, first_name, last_name, team_id) VALUES (1256, 'Noemi', 'Howe', 11);
INSERT INTO Betting_Db.player (id, first_name, last_name, team_id) VALUES (1257, 'Colton', 'Eichmann', 12);
INSERT INTO Betting_Db.player (id, first_name, last_name, team_id) VALUES (1258, 'Ellie', 'Kemmer', 13);
INSERT INTO Betting_Db.player (id, first_name, last_name, team_id) VALUES (1259, 'Claudie', 'Beier', 14);
INSERT INTO Betting_Db.player (id, first_name, last_name, team_id) VALUES (1260, 'Sid', 'Considine', 15);
INSERT INTO Betting_Db.player (id, first_name, last_name, team_id) VALUES (1261, 'Shawna', 'O''Keefe', 1);
INSERT INTO Betting_Db.player (id, first_name, last_name, team_id) VALUES (1262, 'Jayde', 'Ankunding', 2);
INSERT INTO Betting_Db.player (id, first_name, last_name, team_id) VALUES (1263, 'Roxane', 'Renner', 3);
INSERT INTO Betting_Db.player (id, first_name, last_name, team_id) VALUES (1264, 'Gudrun', 'Zboncak', 4);
INSERT INTO Betting_Db.player (id, first_name, last_name, team_id) VALUES (1265, 'Eldon', 'Lockman', 5);
INSERT INTO Betting_Db.player (id, first_name, last_name, team_id) VALUES (1266, 'Garfield', 'MacGyver', 6);
INSERT INTO Betting_Db.player (id, first_name, last_name, team_id) VALUES (1267, 'Trinity', 'Waelchi', 7);
INSERT INTO Betting_Db.player (id, first_name, last_name, team_id) VALUES (1268, 'Jarrell', 'O''Conner', 8);
INSERT INTO Betting_Db.player (id, first_name, last_name, team_id) VALUES (1269, 'Iliana', 'Lesch', 9);
INSERT INTO Betting_Db.player (id, first_name, last_name, team_id) VALUES (1270, 'Deron', 'Larson', 10);
INSERT INTO Betting_Db.player (id, first_name, last_name, team_id) VALUES (1271, 'Zula', 'Ward', 11);
INSERT INTO Betting_Db.player (id, first_name, last_name, team_id) VALUES (1272, 'Claire', 'Nikolaus', 12);
INSERT INTO Betting_Db.player (id, first_name, last_name, team_id) VALUES (1273, 'Raquel', 'Haley', 13);
INSERT INTO Betting_Db.player (id, first_name, last_name, team_id) VALUES (1274, 'Devon', 'Larson', 14);
INSERT INTO Betting_Db.player (id, first_name, last_name, team_id) VALUES (1275, 'Miguel', 'Herzog', 15);
INSERT INTO Betting_Db.player (id, first_name, last_name, team_id) VALUES (1276, 'Liza', 'Schmeler', 1);
INSERT INTO Betting_Db.player (id, first_name, last_name, team_id) VALUES (1277, 'Camylle', 'Morar', 2);
INSERT INTO Betting_Db.player (id, first_name, last_name, team_id) VALUES (1278, 'Scot', 'Abernathy', 3);
INSERT INTO Betting_Db.player (id, first_name, last_name, team_id) VALUES (1279, 'Darryl', 'Morar', 4);
INSERT INTO Betting_Db.player (id, first_name, last_name, team_id) VALUES (1280, 'Maxine', 'Crist', 5);
INSERT INTO Betting_Db.player (id, first_name, last_name, team_id) VALUES (1281, 'Bettye', 'Fritsch', 6);
INSERT INTO Betting_Db.player (id, first_name, last_name, team_id) VALUES (1282, 'Glenda', 'Jenkins', 7);
INSERT INTO Betting_Db.player (id, first_name, last_name, team_id) VALUES (1283, 'Michelle', 'Maggio', 8);
INSERT INTO Betting_Db.player (id, first_name, last_name, team_id) VALUES (1284, 'Eugene', 'Larkin', 9);
INSERT INTO Betting_Db.player (id, first_name, last_name, team_id) VALUES (1285, 'Jasen', 'Rowe', 10);
INSERT INTO Betting_Db.player (id, first_name, last_name, team_id) VALUES (1286, 'Althea', 'Huel', 11);
INSERT INTO Betting_Db.player (id, first_name, last_name, team_id) VALUES (1287, 'Domenick', 'Zboncak', 12);
INSERT INTO Betting_Db.player (id, first_name, last_name, team_id) VALUES (1288, 'Caleigh', 'Schmidt', 13);
INSERT INTO Betting_Db.player (id, first_name, last_name, team_id) VALUES (1289, 'Kelley', 'Wolf', 14);
INSERT INTO Betting_Db.player (id, first_name, last_name, team_id) VALUES (1290, 'Mike', 'Goyette', 15);
INSERT INTO Betting_Db.player (id, first_name, last_name, team_id) VALUES (1291, 'Heber', 'Lang', 1);
INSERT INTO Betting_Db.player (id, first_name, last_name, team_id) VALUES (1292, 'Anais', 'Lebsack', 2);
INSERT INTO Betting_Db.player (id, first_name, last_name, team_id) VALUES (1293, 'Velda', 'Ritchie', 3);
INSERT INTO Betting_Db.player (id, first_name, last_name, team_id) VALUES (1294, 'Buford', 'Wunsch', 4);
INSERT INTO Betting_Db.player (id, first_name, last_name, team_id) VALUES (1295, 'Marcellus', 'Batz', 5);
INSERT INTO Betting_Db.player (id, first_name, last_name, team_id) VALUES (1296, 'Vito', 'Gerhold', 6);
INSERT INTO Betting_Db.player (id, first_name, last_name, team_id) VALUES (1297, 'Lela', 'Terry', 7);
INSERT INTO Betting_Db.player (id, first_name, last_name, team_id) VALUES (1298, 'Pansy', 'Beier', 8);
INSERT INTO Betting_Db.player (id, first_name, last_name, team_id) VALUES (1299, 'John', 'Reichert', 9);
INSERT INTO Betting_Db.player (id, first_name, last_name, team_id) VALUES (1300, 'Adolfo', 'Carroll', 10);
INSERT INTO Betting_Db.player (id, first_name, last_name, team_id) VALUES (1301, 'Hershel', 'Dickens', 11);
INSERT INTO Betting_Db.player (id, first_name, last_name, team_id) VALUES (1302, 'Gail', 'Bergstrom', 12);
INSERT INTO Betting_Db.player (id, first_name, last_name, team_id) VALUES (1303, 'Derek', 'Cole', 13);
INSERT INTO Betting_Db.player (id, first_name, last_name, team_id) VALUES (1304, 'Eric', 'Streich', 14);
INSERT INTO Betting_Db.player (id, first_name, last_name, team_id) VALUES (1305, 'Margarita', 'Johnston', 15);
INSERT INTO Betting_Db.player (id, first_name, last_name, team_id) VALUES (1306, 'Arnold', 'Jenkins', 1);
INSERT INTO Betting_Db.player (id, first_name, last_name, team_id) VALUES (1307, 'Travon', 'McGlynn', 2);
INSERT INTO Betting_Db.player (id, first_name, last_name, team_id) VALUES (1308, 'Ressie', 'Lubowitz', 3);
INSERT INTO Betting_Db.player (id, first_name, last_name, team_id) VALUES (1309, 'Cloyd', 'Gerlach', 4);
INSERT INTO Betting_Db.player (id, first_name, last_name, team_id) VALUES (1310, 'Evans', 'Hickle', 5);
INSERT INTO Betting_Db.player (id, first_name, last_name, team_id) VALUES (1311, 'Laurine', 'Hamill', 6);
INSERT INTO Betting_Db.player (id, first_name, last_name, team_id) VALUES (1312, 'Jedediah', 'Fritsch', 7);
INSERT INTO Betting_Db.player (id, first_name, last_name, team_id) VALUES (1313, 'Alexandra', 'Kreiger', 8);
INSERT INTO Betting_Db.player (id, first_name, last_name, team_id) VALUES (1314, 'Jackie', 'Keebler', 9);
INSERT INTO Betting_Db.player (id, first_name, last_name, team_id) VALUES (1315, 'Aidan', 'Corwin', 10);
INSERT INTO Betting_Db.player (id, first_name, last_name, team_id) VALUES (1316, 'Nadia', 'Gaylord', 11);
INSERT INTO Betting_Db.player (id, first_name, last_name, team_id) VALUES (1317, 'Gabriel', 'Brakus', 12);
INSERT INTO Betting_Db.player (id, first_name, last_name, team_id) VALUES (1318, 'Aric', 'Cassin', 13);
INSERT INTO Betting_Db.player (id, first_name, last_name, team_id) VALUES (1319, 'Lauren', 'Mann', 14);
INSERT INTO Betting_Db.player (id, first_name, last_name, team_id) VALUES (1320, 'Freddy', 'Erdman', 15);

INSERT INTO Betting_Db.game (id, away_score, finished, home_score, start_time, away_team_id, country_id, home_team_id, league_id, odd_id) VALUES (1, 0, true, 4, '2018-09-19 10:15:40', 6, 1, 4, 1, null);
INSERT INTO Betting_Db.game (id, away_score, finished, home_score, start_time, away_team_id, country_id, home_team_id, league_id, odd_id) VALUES (2, 1, true, 4, '2018-09-19 10:15:40', 34, 1, 30, 2, null);
INSERT INTO Betting_Db.game (id, away_score, finished, home_score, start_time, away_team_id, country_id, home_team_id, league_id, odd_id) VALUES (3, 0, true, 4, '2018-09-19 10:15:40', 4, 1, 3, 1, null);
INSERT INTO Betting_Db.game (id, away_score, finished, home_score, start_time, away_team_id, country_id, home_team_id, league_id, odd_id) VALUES (4, 2, true, 2, '2018-09-19 10:15:40', 3, 1, 10, 1, null);
INSERT INTO Betting_Db.game (id, away_score, finished, home_score, start_time, away_team_id, country_id, home_team_id, league_id, odd_id) VALUES (5, 1, true, 0, '2018-09-19 10:15:40', 33, 1, 31, 2, null);
INSERT INTO Betting_Db.game (id, away_score, finished, home_score, start_time, away_team_id, country_id, home_team_id, league_id, odd_id) VALUES (6, 0, true, 4, '2018-09-19 10:15:40', 8, 1, 9, 1, null);
INSERT INTO Betting_Db.game (id, away_score, finished, home_score, start_time, away_team_id, country_id, home_team_id, league_id, odd_id) VALUES (7, 3, true, 4, '2018-09-19 10:15:40', 25, 1, 31, 2, null);
INSERT INTO Betting_Db.game (id, away_score, finished, home_score, start_time, away_team_id, country_id, home_team_id, league_id, odd_id) VALUES (8, 4, true, 1, '2018-09-19 10:15:40', 5, 1, 6, 1, null);
INSERT INTO Betting_Db.game (id, away_score, finished, home_score, start_time, away_team_id, country_id, home_team_id, league_id, odd_id) VALUES (9, 0, true, 4, '2018-09-19 10:15:40', 7, 1, 1, 1, null);
INSERT INTO Betting_Db.game (id, away_score, finished, home_score, start_time, away_team_id, country_id, home_team_id, league_id, odd_id) VALUES (10, 2, true, 4, '2018-09-19 10:15:40', 10, 1, 6, 1, null);
INSERT INTO Betting_Db.game (id, away_score, finished, home_score, start_time, away_team_id, country_id, home_team_id, league_id, odd_id) VALUES (11, 0, true, 3, '2018-09-19 10:15:40', 28, 1, 26, 2, null);
INSERT INTO Betting_Db.game (id, away_score, finished, home_score, start_time, away_team_id, country_id, home_team_id, league_id, odd_id) VALUES (12, 1, true, 4, '2018-09-19 10:15:40', 34, 1, 28, 2, null);
INSERT INTO Betting_Db.game (id, away_score, finished, home_score, start_time, away_team_id, country_id, home_team_id, league_id, odd_id) VALUES (13, 1, true, 4, '2018-09-19 10:15:40', 31, 1, 33, 2, null);
INSERT INTO Betting_Db.game (id, away_score, finished, home_score, start_time, away_team_id, country_id, home_team_id, league_id, odd_id) VALUES (14, 1, true, 0, '2018-09-19 10:15:40', 50, 1, 39, 3, null);
INSERT INTO Betting_Db.game (id, away_score, finished, home_score, start_time, away_team_id, country_id, home_team_id, league_id, odd_id) VALUES (15, 2, true, 4, '2018-09-19 10:15:40', 50, 1, 47, 3, null);
INSERT INTO Betting_Db.game (id, away_score, finished, home_score, start_time, away_team_id, country_id, home_team_id, league_id, odd_id) VALUES (16, 1, true, 2, '2018-09-19 10:15:40', 7, 1, 6, 1, null);
INSERT INTO Betting_Db.game (id, away_score, finished, home_score, start_time, away_team_id, country_id, home_team_id, league_id, odd_id) VALUES (17, 4, true, 3, '2018-09-19 10:15:40', 50, 1, 46, 3, null);
INSERT INTO Betting_Db.game (id, away_score, finished, home_score, start_time, away_team_id, country_id, home_team_id, league_id, odd_id) VALUES (18, 3, true, 2, '2018-09-19 10:15:40', 44, 1, 40, 3, null);
INSERT INTO Betting_Db.game (id, away_score, finished, home_score, start_time, away_team_id, country_id, home_team_id, league_id, odd_id) VALUES (19, 0, true, 0, '2018-09-19 10:15:40', 31, 1, 28, 2, null);
INSERT INTO Betting_Db.game (id, away_score, finished, home_score, start_time, away_team_id, country_id, home_team_id, league_id, odd_id) VALUES (20, 4, true, 0, '2018-09-19 10:15:40', 25, 1, 34, 2, null);
INSERT INTO Betting_Db.game (id, away_score, finished, home_score, start_time, away_team_id, country_id, home_team_id, league_id, odd_id) VALUES (21, 4, true, 3, '2018-09-19 10:15:40', 41, 1, 44, 3, null);
INSERT INTO Betting_Db.game (id, away_score, finished, home_score, start_time, away_team_id, country_id, home_team_id, league_id, odd_id) VALUES (22, 3, true, 3, '2018-09-19 10:15:40', 46, 1, 44, 3, null);
INSERT INTO Betting_Db.game (id, away_score, finished, home_score, start_time, away_team_id, country_id, home_team_id, league_id, odd_id) VALUES (23, 4, true, 4, '2018-09-19 10:15:40', 35, 1, 34, 2, null);
INSERT INTO Betting_Db.game (id, away_score, finished, home_score, start_time, away_team_id, country_id, home_team_id, league_id, odd_id) VALUES (24, 3, true, 4, '2018-09-19 10:15:40', 49, 1, 41, 3, null);
INSERT INTO Betting_Db.game (id, away_score, finished, home_score, start_time, away_team_id, country_id, home_team_id, league_id, odd_id) VALUES (25, 1, true, 2, '2018-09-19 10:15:40', 3, 1, 1, 1, null);
INSERT INTO Betting_Db.game (id, away_score, finished, home_score, start_time, away_team_id, country_id, home_team_id, league_id, odd_id) VALUES (26, 3, true, 1, '2018-09-19 10:15:40', 29, 1, 31, 2, null);
INSERT INTO Betting_Db.game (id, away_score, finished, home_score, start_time, away_team_id, country_id, home_team_id, league_id, odd_id) VALUES (27, 2, true, 4, '2018-09-19 10:15:40', 32, 1, 28, 2, null);
INSERT INTO Betting_Db.game (id, away_score, finished, home_score, start_time, away_team_id, country_id, home_team_id, league_id, odd_id) VALUES (28, 2, true, 2, '2018-09-19 10:15:40', 36, 1, 41, 3, null);
INSERT INTO Betting_Db.game (id, away_score, finished, home_score, start_time, away_team_id, country_id, home_team_id, league_id, odd_id) VALUES (29, 3, true, 4, '2018-09-19 10:15:40', 26, 1, 30, 2, null);
INSERT INTO Betting_Db.game (id, away_score, finished, home_score, start_time, away_team_id, country_id, home_team_id, league_id, odd_id) VALUES (30, 3, true, 4, '2018-09-19 10:15:40', 2, 1, 6, 1, null);
INSERT INTO Betting_Db.game (id, away_score, finished, home_score, start_time, away_team_id, country_id, home_team_id, league_id, odd_id) VALUES (31, 2, true, 4, '2018-09-19 10:15:40', 30, 1, 25, 2, null);
INSERT INTO Betting_Db.game (id, away_score, finished, home_score, start_time, away_team_id, country_id, home_team_id, league_id, odd_id) VALUES (32, 1, true, 3, '2018-09-19 10:15:40', 8, 1, 5, 1, null);
INSERT INTO Betting_Db.game (id, away_score, finished, home_score, start_time, away_team_id, country_id, home_team_id, league_id, odd_id) VALUES (33, 1, true, 0, '2018-09-19 10:15:40', 45, 1, 46, 3, null);
INSERT INTO Betting_Db.game (id, away_score, finished, home_score, start_time, away_team_id, country_id, home_team_id, league_id, odd_id) VALUES (34, 1, true, 3, '2018-09-19 10:15:40', 47, 1, 39, 3, null);
INSERT INTO Betting_Db.game (id, away_score, finished, home_score, start_time, away_team_id, country_id, home_team_id, league_id, odd_id) VALUES (35, 0, true, 1, '2018-09-19 10:15:40', 49, 1, 38, 3, null);
INSERT INTO Betting_Db.game (id, away_score, finished, home_score, start_time, away_team_id, country_id, home_team_id, league_id, odd_id) VALUES (36, 0, true, 4, '2018-09-19 10:15:40', 7, 1, 10, 1, null);
INSERT INTO Betting_Db.game (id, away_score, finished, home_score, start_time, away_team_id, country_id, home_team_id, league_id, odd_id) VALUES (37, 3, true, 2, '2018-09-19 10:15:40', 1, 1, 8, 1, null);
INSERT INTO Betting_Db.game (id, away_score, finished, home_score, start_time, away_team_id, country_id, home_team_id, league_id, odd_id) VALUES (38, 2, true, 2, '2018-09-19 10:15:40', 43, 1, 46, 3, null);
INSERT INTO Betting_Db.game (id, away_score, finished, home_score, start_time, away_team_id, country_id, home_team_id, league_id, odd_id) VALUES (39, 1, true, 4, '2018-09-19 10:15:40', 45, 1, 36, 3, null);
INSERT INTO Betting_Db.game (id, away_score, finished, home_score, start_time, away_team_id, country_id, home_team_id, league_id, odd_id) VALUES (40, 3, true, 4, '2018-09-19 10:15:40', 29, 1, 28, 2, null);
INSERT INTO Betting_Db.game (id, away_score, finished, home_score, start_time, away_team_id, country_id, home_team_id, league_id, odd_id) VALUES (41, 3, true, 1, '2018-09-19 10:15:40', 5, 1, 6, 1, null);
INSERT INTO Betting_Db.game (id, away_score, finished, home_score, start_time, away_team_id, country_id, home_team_id, league_id, odd_id) VALUES (42, 1, true, 2, '2018-09-19 10:15:40', 31, 1, 35, 2, null);
INSERT INTO Betting_Db.game (id, away_score, finished, home_score, start_time, away_team_id, country_id, home_team_id, league_id, odd_id) VALUES (43, 3, true, 3, '2018-09-19 10:15:40', 40, 1, 45, 3, null);
INSERT INTO Betting_Db.game (id, away_score, finished, home_score, start_time, away_team_id, country_id, home_team_id, league_id, odd_id) VALUES (44, 4, true, 1, '2018-09-19 10:15:40', 4, 1, 2, 1, null);
INSERT INTO Betting_Db.game (id, away_score, finished, home_score, start_time, away_team_id, country_id, home_team_id, league_id, odd_id) VALUES (45, 1, true, 2, '2018-09-19 10:15:40', 10, 1, 3, 1, null);
INSERT INTO Betting_Db.game (id, away_score, finished, home_score, start_time, away_team_id, country_id, home_team_id, league_id, odd_id) VALUES (46, 2, true, 1, '2018-09-19 10:15:40', 4, 1, 5, 1, null);
INSERT INTO Betting_Db.game (id, away_score, finished, home_score, start_time, away_team_id, country_id, home_team_id, league_id, odd_id) VALUES (47, 3, true, 3, '2018-09-19 10:15:40', 40, 1, 38, 3, null);
INSERT INTO Betting_Db.game (id, away_score, finished, home_score, start_time, away_team_id, country_id, home_team_id, league_id, odd_id) VALUES (48, 1, true, 4, '2018-09-19 10:15:40', 37, 1, 39, 3, null);
INSERT INTO Betting_Db.game (id, away_score, finished, home_score, start_time, away_team_id, country_id, home_team_id, league_id, odd_id) VALUES (49, 4, true, 4, '2018-09-19 10:15:40', 41, 1, 40, 3, null);
INSERT INTO Betting_Db.game (id, away_score, finished, home_score, start_time, away_team_id, country_id, home_team_id, league_id, odd_id) VALUES (50, 4, true, 1, '2018-09-19 10:15:40', 7, 1, 2, 1, null);
INSERT INTO Betting_Db.game (id, away_score, finished, home_score, start_time, away_team_id, country_id, home_team_id, league_id, odd_id) VALUES (51, 4, true, 0, '2018-09-19 10:15:40', 43, 1, 41, 3, null);
INSERT INTO Betting_Db.game (id, away_score, finished, home_score, start_time, away_team_id, country_id, home_team_id, league_id, odd_id) VALUES (52, 1, true, 1, '2018-09-19 10:15:40', 5, 1, 6, 1, null);
INSERT INTO Betting_Db.game (id, away_score, finished, home_score, start_time, away_team_id, country_id, home_team_id, league_id, odd_id) VALUES (53, 0, true, 2, '2018-09-19 10:15:40', 50, 1, 43, 3, null);
INSERT INTO Betting_Db.game (id, away_score, finished, home_score, start_time, away_team_id, country_id, home_team_id, league_id, odd_id) VALUES (54, 1, true, 3, '2018-09-19 10:15:40', 35, 1, 25, 2, null);
INSERT INTO Betting_Db.game (id, away_score, finished, home_score, start_time, away_team_id, country_id, home_team_id, league_id, odd_id) VALUES (55, 4, true, 2, '2018-09-19 10:15:40', 1, 1, 4, 1, null);
INSERT INTO Betting_Db.game (id, away_score, finished, home_score, start_time, away_team_id, country_id, home_team_id, league_id, odd_id) VALUES (56, 1, true, 1, '2018-09-19 10:15:40', 46, 1, 48, 3, null);
INSERT INTO Betting_Db.game (id, away_score, finished, home_score, start_time, away_team_id, country_id, home_team_id, league_id, odd_id) VALUES (57, 4, true, 4, '2018-09-19 10:15:40', 5, 1, 4, 1, null);
INSERT INTO Betting_Db.game (id, away_score, finished, home_score, start_time, away_team_id, country_id, home_team_id, league_id, odd_id) VALUES (58, 4, true, 3, '2018-09-19 10:15:40', 4, 1, 1, 1, null);
INSERT INTO Betting_Db.game (id, away_score, finished, home_score, start_time, away_team_id, country_id, home_team_id, league_id, odd_id) VALUES (59, 4, true, 4, '2018-09-19 10:15:40', 29, 1, 31, 2, null);
INSERT INTO Betting_Db.game (id, away_score, finished, home_score, start_time, away_team_id, country_id, home_team_id, league_id, odd_id) VALUES (60, 0, true, 0, '2018-09-19 10:15:40', 26, 1, 29, 2, null);
INSERT INTO Betting_Db.game (id, away_score, finished, home_score, start_time, away_team_id, country_id, home_team_id, league_id, odd_id) VALUES (61, 3, true, 3, '2018-09-19 10:15:40', 4, 1, 7, 1, null);
INSERT INTO Betting_Db.game (id, away_score, finished, home_score, start_time, away_team_id, country_id, home_team_id, league_id, odd_id) VALUES (62, 4, true, 2, '2018-09-19 10:15:40', 7, 1, 1, 1, null);
INSERT INTO Betting_Db.game (id, away_score, finished, home_score, start_time, away_team_id, country_id, home_team_id, league_id, odd_id) VALUES (63, 1, true, 2, '2018-09-19 10:15:40', 25, 1, 26, 2, null);
INSERT INTO Betting_Db.game (id, away_score, finished, home_score, start_time, away_team_id, country_id, home_team_id, league_id, odd_id) VALUES (64, 1, true, 0, '2018-09-19 10:15:40', 10, 1, 7, 1, null);
INSERT INTO Betting_Db.game (id, away_score, finished, home_score, start_time, away_team_id, country_id, home_team_id, league_id, odd_id) VALUES (65, 3, true, 1, '2018-09-19 10:15:40', 1, 1, 2, 1, null);
INSERT INTO Betting_Db.game (id, away_score, finished, home_score, start_time, away_team_id, country_id, home_team_id, league_id, odd_id) VALUES (66, 2, true, 1, '2018-09-19 10:15:40', 29, 1, 33, 2, null);
INSERT INTO Betting_Db.game (id, away_score, finished, home_score, start_time, away_team_id, country_id, home_team_id, league_id, odd_id) VALUES (67, 2, true, 3, '2018-09-19 10:15:40', 39, 1, 44, 3, null);
INSERT INTO Betting_Db.game (id, away_score, finished, home_score, start_time, away_team_id, country_id, home_team_id, league_id, odd_id) VALUES (68, 3, true, 2, '2018-09-19 10:15:40', 50, 1, 37, 3, null);
INSERT INTO Betting_Db.game (id, away_score, finished, home_score, start_time, away_team_id, country_id, home_team_id, league_id, odd_id) VALUES (69, 0, true, 2, '2018-09-19 10:15:40', 36, 1, 37, 3, null);
INSERT INTO Betting_Db.game (id, away_score, finished, home_score, start_time, away_team_id, country_id, home_team_id, league_id, odd_id) VALUES (70, 0, true, 1, '2018-09-19 10:15:40', 10, 1, 8, 1, null);
INSERT INTO Betting_Db.game (id, away_score, finished, home_score, start_time, away_team_id, country_id, home_team_id, league_id, odd_id) VALUES (71, 0, true, 4, '2018-09-19 10:15:40', 38, 1, 42, 3, null);
INSERT INTO Betting_Db.game (id, away_score, finished, home_score, start_time, away_team_id, country_id, home_team_id, league_id, odd_id) VALUES (72, 0, true, 1, '2018-09-19 10:15:40', 4, 1, 9, 1, null);
INSERT INTO Betting_Db.game (id, away_score, finished, home_score, start_time, away_team_id, country_id, home_team_id, league_id, odd_id) VALUES (73, 1, true, 3, '2018-09-19 10:15:40', 27, 1, 30, 2, null);
INSERT INTO Betting_Db.game (id, away_score, finished, home_score, start_time, away_team_id, country_id, home_team_id, league_id, odd_id) VALUES (74, 2, true, 1, '2018-09-19 10:15:40', 1, 1, 2, 1, null);
INSERT INTO Betting_Db.game (id, away_score, finished, home_score, start_time, away_team_id, country_id, home_team_id, league_id, odd_id) VALUES (75, 3, true, 4, '2018-09-19 10:15:40', 6, 1, 1, 1, null);
INSERT INTO Betting_Db.game (id, away_score, finished, home_score, start_time, away_team_id, country_id, home_team_id, league_id, odd_id) VALUES (76, 3, true, 0, '2018-09-19 10:15:40', 33, 1, 27, 2, null);
INSERT INTO Betting_Db.game (id, away_score, finished, home_score, start_time, away_team_id, country_id, home_team_id, league_id, odd_id) VALUES (77, 2, true, 0, '2018-09-19 10:15:40', 47, 1, 48, 3, null);
INSERT INTO Betting_Db.game (id, away_score, finished, home_score, start_time, away_team_id, country_id, home_team_id, league_id, odd_id) VALUES (78, 1, true, 3, '2018-09-19 10:15:40', 32, 1, 27, 2, null);
INSERT INTO Betting_Db.game (id, away_score, finished, home_score, start_time, away_team_id, country_id, home_team_id, league_id, odd_id) VALUES (79, 1, true, 3, '2018-09-19 10:15:40', 47, 1, 50, 3, null);
INSERT INTO Betting_Db.game (id, away_score, finished, home_score, start_time, away_team_id, country_id, home_team_id, league_id, odd_id) VALUES (80, 3, true, 2, '2018-09-19 10:15:40', 30, 1, 29, 2, null);
INSERT INTO Betting_Db.game (id, away_score, finished, home_score, start_time, away_team_id, country_id, home_team_id, league_id, odd_id) VALUES (81, 0, true, 2, '2018-09-19 10:15:40', 10, 1, 4, 1, null);
INSERT INTO Betting_Db.game (id, away_score, finished, home_score, start_time, away_team_id, country_id, home_team_id, league_id, odd_id) VALUES (82, 3, true, 2, '2018-09-19 10:15:40', 46, 1, 43, 3, null);
INSERT INTO Betting_Db.game (id, away_score, finished, home_score, start_time, away_team_id, country_id, home_team_id, league_id, odd_id) VALUES (83, 2, true, 4, '2018-09-19 10:15:40', 5, 1, 6, 1, null);
INSERT INTO Betting_Db.game (id, away_score, finished, home_score, start_time, away_team_id, country_id, home_team_id, league_id, odd_id) VALUES (84, 2, true, 0, '2018-09-19 10:15:40', 41, 1, 47, 3, null);
INSERT INTO Betting_Db.game (id, away_score, finished, home_score, start_time, away_team_id, country_id, home_team_id, league_id, odd_id) VALUES (85, 1, true, 3, '2018-09-19 10:15:40', 26, 1, 31, 2, null);
INSERT INTO Betting_Db.game (id, away_score, finished, home_score, start_time, away_team_id, country_id, home_team_id, league_id, odd_id) VALUES (86, 2, true, 2, '2018-09-19 10:15:40', 7, 1, 5, 1, null);
INSERT INTO Betting_Db.game (id, away_score, finished, home_score, start_time, away_team_id, country_id, home_team_id, league_id, odd_id) VALUES (87, 3, true, 2, '2018-09-19 10:15:40', 29, 1, 34, 2, null);
INSERT INTO Betting_Db.game (id, away_score, finished, home_score, start_time, away_team_id, country_id, home_team_id, league_id, odd_id) VALUES (88, 3, true, 2, '2018-09-19 10:15:40', 34, 1, 29, 2, null);
INSERT INTO Betting_Db.game (id, away_score, finished, home_score, start_time, away_team_id, country_id, home_team_id, league_id, odd_id) VALUES (89, 1, true, 2, '2018-09-19 10:15:40', 8, 1, 7, 1, null);
INSERT INTO Betting_Db.game (id, away_score, finished, home_score, start_time, away_team_id, country_id, home_team_id, league_id, odd_id) VALUES (90, 1, true, 2, '2018-09-19 10:15:40', 8, 1, 7, 1, null);
INSERT INTO Betting_Db.game (id, away_score, finished, home_score, start_time, away_team_id, country_id, home_team_id, league_id, odd_id) VALUES (91, 1, true, 2, '2018-09-19 10:15:40', 36, 1, 41, 3, null);
INSERT INTO Betting_Db.game (id, away_score, finished, home_score, start_time, away_team_id, country_id, home_team_id, league_id, odd_id) VALUES (92, 2, true, 2, '2018-09-19 10:15:40', 49, 1, 38, 3, null);
INSERT INTO Betting_Db.game (id, away_score, finished, home_score, start_time, away_team_id, country_id, home_team_id, league_id, odd_id) VALUES (93, 2, true, 4, '2018-09-19 10:15:40', 4, 1, 9, 1, null);
INSERT INTO Betting_Db.game (id, away_score, finished, home_score, start_time, away_team_id, country_id, home_team_id, league_id, odd_id) VALUES (94, 0, true, 3, '2018-09-19 10:15:40', 44, 1, 38, 3, null);
INSERT INTO Betting_Db.game (id, away_score, finished, home_score, start_time, away_team_id, country_id, home_team_id, league_id, odd_id) VALUES (95, 2, true, 3, '2018-09-19 10:15:40', 5, 1, 4, 1, null);
INSERT INTO Betting_Db.game (id, away_score, finished, home_score, start_time, away_team_id, country_id, home_team_id, league_id, odd_id) VALUES (96, 3, true, 1, '2018-09-19 10:15:40', 26, 1, 30, 2, null);
INSERT INTO Betting_Db.game (id, away_score, finished, home_score, start_time, away_team_id, country_id, home_team_id, league_id, odd_id) VALUES (97, 2, true, 0, '2018-09-19 10:15:40', 44, 1, 49, 3, null);
INSERT INTO Betting_Db.game (id, away_score, finished, home_score, start_time, away_team_id, country_id, home_team_id, league_id, odd_id) VALUES (98, 3, true, 1, '2018-09-19 10:15:40', 10, 1, 6, 1, null);
INSERT INTO Betting_Db.game (id, away_score, finished, home_score, start_time, away_team_id, country_id, home_team_id, league_id, odd_id) VALUES (99, 0, true, 0, '2018-09-19 10:15:40', 26, 1, 28, 2, null);
INSERT INTO Betting_Db.game (id, away_score, finished, home_score, start_time, away_team_id, country_id, home_team_id, league_id, odd_id) VALUES (100, 3, true, 0, '2018-09-19 10:15:40', 7, 1, 10, 1, null);
INSERT INTO Betting_Db.game (id, away_score, finished, home_score, start_time, away_team_id, country_id, home_team_id, league_id, odd_id) VALUES (101, 0, true, 3, '2018-09-19 10:15:40', 4, 1, 1, 1, null);
INSERT INTO Betting_Db.game (id, away_score, finished, home_score, start_time, away_team_id, country_id, home_team_id, league_id, odd_id) VALUES (102, 0, true, 1, '2018-09-19 10:15:40', 49, 1, 41, 3, null);
INSERT INTO Betting_Db.game (id, away_score, finished, home_score, start_time, away_team_id, country_id, home_team_id, league_id, odd_id) VALUES (103, 3, true, 3, '2018-09-19 10:15:40', 25, 1, 32, 2, null);
INSERT INTO Betting_Db.game (id, away_score, finished, home_score, start_time, away_team_id, country_id, home_team_id, league_id, odd_id) VALUES (104, 0, true, 1, '2018-09-19 10:15:40', 26, 1, 31, 2, null);
INSERT INTO Betting_Db.game (id, away_score, finished, home_score, start_time, away_team_id, country_id, home_team_id, league_id, odd_id) VALUES (105, 4, true, 4, '2018-09-19 10:15:40', 47, 1, 43, 3, null);
INSERT INTO Betting_Db.game (id, away_score, finished, home_score, start_time, away_team_id, country_id, home_team_id, league_id, odd_id) VALUES (106, 2, true, 0, '2018-09-19 10:15:40', 38, 1, 36, 3, null);
INSERT INTO Betting_Db.game (id, away_score, finished, home_score, start_time, away_team_id, country_id, home_team_id, league_id, odd_id) VALUES (107, 0, true, 0, '2018-09-19 10:15:40', 9, 1, 6, 1, null);
INSERT INTO Betting_Db.game (id, away_score, finished, home_score, start_time, away_team_id, country_id, home_team_id, league_id, odd_id) VALUES (108, 1, true, 4, '2018-09-19 10:15:40', 6, 1, 10, 1, null);
INSERT INTO Betting_Db.game (id, away_score, finished, home_score, start_time, away_team_id, country_id, home_team_id, league_id, odd_id) VALUES (109, 0, true, 1, '2018-09-19 10:15:40', 6, 1, 2, 1, null);
INSERT INTO Betting_Db.game (id, away_score, finished, home_score, start_time, away_team_id, country_id, home_team_id, league_id, odd_id) VALUES (110, 4, true, 4, '2018-09-19 10:15:40', 44, 1, 50, 3, null);
INSERT INTO Betting_Db.game (id, away_score, finished, home_score, start_time, away_team_id, country_id, home_team_id, league_id, odd_id) VALUES (111, 2, true, 3, '2018-09-19 10:15:40', 9, 1, 3, 1, null);
INSERT INTO Betting_Db.game (id, away_score, finished, home_score, start_time, away_team_id, country_id, home_team_id, league_id, odd_id) VALUES (112, 1, true, 2, '2018-09-19 10:15:40', 10, 1, 9, 1, null);
INSERT INTO Betting_Db.game (id, away_score, finished, home_score, start_time, away_team_id, country_id, home_team_id, league_id, odd_id) VALUES (113, 3, true, 2, '2018-09-19 10:15:40', 6, 1, 3, 1, null);
INSERT INTO Betting_Db.game (id, away_score, finished, home_score, start_time, away_team_id, country_id, home_team_id, league_id, odd_id) VALUES (114, 4, true, 2, '2018-09-19 10:15:40', 7, 1, 5, 1, null);
INSERT INTO Betting_Db.game (id, away_score, finished, home_score, start_time, away_team_id, country_id, home_team_id, league_id, odd_id) VALUES (115, 4, true, 2, '2018-09-19 10:15:40', 2, 1, 10, 1, null);
INSERT INTO Betting_Db.game (id, away_score, finished, home_score, start_time, away_team_id, country_id, home_team_id, league_id, odd_id) VALUES (116, 2, true, 2, '2018-09-19 10:15:40', 44, 1, 47, 3, null);
INSERT INTO Betting_Db.game (id, away_score, finished, home_score, start_time, away_team_id, country_id, home_team_id, league_id, odd_id) VALUES (117, 2, true, 1, '2018-09-19 10:15:40', 5, 1, 6, 1, null);
INSERT INTO Betting_Db.game (id, away_score, finished, home_score, start_time, away_team_id, country_id, home_team_id, league_id, odd_id) VALUES (118, 3, true, 0, '2018-09-19 10:15:40', 45, 1, 38, 3, null);
INSERT INTO Betting_Db.game (id, away_score, finished, home_score, start_time, away_team_id, country_id, home_team_id, league_id, odd_id) VALUES (119, 2, true, 4, '2018-09-19 10:15:40', 46, 1, 36, 3, null);
INSERT INTO Betting_Db.game (id, away_score, finished, home_score, start_time, away_team_id, country_id, home_team_id, league_id, odd_id) VALUES (120, 0, true, 0, '2018-09-19 10:15:40', 43, 1, 45, 3, null);
INSERT INTO Betting_Db.game (id, away_score, finished, home_score, start_time, away_team_id, country_id, home_team_id, league_id, odd_id) VALUES (121, 3, true, 4, '2018-09-19 10:15:40', 5, 1, 6, 1, null);
INSERT INTO Betting_Db.game (id, away_score, finished, home_score, start_time, away_team_id, country_id, home_team_id, league_id, odd_id) VALUES (122, 0, true, 3, '2018-09-19 10:15:40', 27, 1, 25, 2, null);
INSERT INTO Betting_Db.game (id, away_score, finished, home_score, start_time, away_team_id, country_id, home_team_id, league_id, odd_id) VALUES (123, 1, true, 0, '2018-09-19 10:15:40', 6, 1, 5, 1, null);
INSERT INTO Betting_Db.game (id, away_score, finished, home_score, start_time, away_team_id, country_id, home_team_id, league_id, odd_id) VALUES (124, 1, true, 2, '2018-09-19 10:15:40', 9, 1, 7, 1, null);
INSERT INTO Betting_Db.game (id, away_score, finished, home_score, start_time, away_team_id, country_id, home_team_id, league_id, odd_id) VALUES (125, 1, true, 1, '2018-09-19 10:15:40', 1, 1, 5, 1, null);
INSERT INTO Betting_Db.game (id, away_score, finished, home_score, start_time, away_team_id, country_id, home_team_id, league_id, odd_id) VALUES (126, 2, true, 4, '2018-09-19 10:15:40', 34, 1, 35, 2, null);
INSERT INTO Betting_Db.game (id, away_score, finished, home_score, start_time, away_team_id, country_id, home_team_id, league_id, odd_id) VALUES (127, 3, true, 4, '2018-09-19 10:15:40', 25, 1, 28, 2, null);
INSERT INTO Betting_Db.game (id, away_score, finished, home_score, start_time, away_team_id, country_id, home_team_id, league_id, odd_id) VALUES (128, 3, true, 0, '2018-09-19 10:15:40', 40, 1, 49, 3, null);
INSERT INTO Betting_Db.game (id, away_score, finished, home_score, start_time, away_team_id, country_id, home_team_id, league_id, odd_id) VALUES (129, 2, true, 1, '2018-09-19 10:15:40', 36, 1, 43, 3, null);
INSERT INTO Betting_Db.game (id, away_score, finished, home_score, start_time, away_team_id, country_id, home_team_id, league_id, odd_id) VALUES (130, 3, true, 2, '2018-09-19 10:15:40', 31, 1, 27, 2, null);
INSERT INTO Betting_Db.game (id, away_score, finished, home_score, start_time, away_team_id, country_id, home_team_id, league_id, odd_id) VALUES (131, 4, true, 2, '2018-09-19 10:15:40', 1, 1, 4, 1, null);
INSERT INTO Betting_Db.game (id, away_score, finished, home_score, start_time, away_team_id, country_id, home_team_id, league_id, odd_id) VALUES (132, 2, true, 3, '2018-09-19 10:15:40', 25, 1, 30, 2, null);
INSERT INTO Betting_Db.game (id, away_score, finished, home_score, start_time, away_team_id, country_id, home_team_id, league_id, odd_id) VALUES (133, 4, true, 3, '2018-09-19 10:15:40', 30, 1, 33, 2, null);
INSERT INTO Betting_Db.game (id, away_score, finished, home_score, start_time, away_team_id, country_id, home_team_id, league_id, odd_id) VALUES (134, 2, true, 4, '2018-09-19 10:15:40', 48, 1, 42, 3, null);
INSERT INTO Betting_Db.game (id, away_score, finished, home_score, start_time, away_team_id, country_id, home_team_id, league_id, odd_id) VALUES (135, 0, true, 0, '2018-09-19 10:15:40', 47, 1, 43, 3, null);
INSERT INTO Betting_Db.game (id, away_score, finished, home_score, start_time, away_team_id, country_id, home_team_id, league_id, odd_id) VALUES (136, 1, true, 4, '2018-09-19 10:15:40', 6, 1, 8, 1, null);
INSERT INTO Betting_Db.game (id, away_score, finished, home_score, start_time, away_team_id, country_id, home_team_id, league_id, odd_id) VALUES (137, 1, true, 3, '2018-09-19 10:15:40', 3, 1, 7, 1, null);
INSERT INTO Betting_Db.game (id, away_score, finished, home_score, start_time, away_team_id, country_id, home_team_id, league_id, odd_id) VALUES (138, 1, true, 0, '2018-09-19 10:15:40', 4, 1, 8, 1, null);
INSERT INTO Betting_Db.game (id, away_score, finished, home_score, start_time, away_team_id, country_id, home_team_id, league_id, odd_id) VALUES (139, 2, true, 3, '2018-09-19 10:15:40', 2, 1, 3, 1, null);
INSERT INTO Betting_Db.game (id, away_score, finished, home_score, start_time, away_team_id, country_id, home_team_id, league_id, odd_id) VALUES (140, 1, true, 4, '2018-09-19 10:15:40', 30, 1, 33, 2, null);
INSERT INTO Betting_Db.game (id, away_score, finished, home_score, start_time, away_team_id, country_id, home_team_id, league_id, odd_id) VALUES (141, 1, true, 1, '2018-09-19 10:15:40', 25, 1, 34, 2, null);
INSERT INTO Betting_Db.game (id, away_score, finished, home_score, start_time, away_team_id, country_id, home_team_id, league_id, odd_id) VALUES (142, 3, true, 4, '2018-09-19 10:15:40', 9, 1, 3, 1, null);
INSERT INTO Betting_Db.game (id, away_score, finished, home_score, start_time, away_team_id, country_id, home_team_id, league_id, odd_id) VALUES (143, 1, true, 1, '2018-09-19 10:15:40', 4, 1, 6, 1, null);
INSERT INTO Betting_Db.game (id, away_score, finished, home_score, start_time, away_team_id, country_id, home_team_id, league_id, odd_id) VALUES (144, 2, true, 2, '2018-09-19 10:15:40', 40, 1, 39, 3, null);
INSERT INTO Betting_Db.game (id, away_score, finished, home_score, start_time, away_team_id, country_id, home_team_id, league_id, odd_id) VALUES (145, 3, true, 2, '2018-09-19 10:15:40', 37, 1, 36, 3, null);
INSERT INTO Betting_Db.game (id, away_score, finished, home_score, start_time, away_team_id, country_id, home_team_id, league_id, odd_id) VALUES (146, 4, true, 0, '2018-09-19 10:15:40', 31, 1, 34, 2, null);
INSERT INTO Betting_Db.game (id, away_score, finished, home_score, start_time, away_team_id, country_id, home_team_id, league_id, odd_id) VALUES (147, 0, true, 4, '2018-09-19 10:15:40', 50, 1, 41, 3, null);
INSERT INTO Betting_Db.game (id, away_score, finished, home_score, start_time, away_team_id, country_id, home_team_id, league_id, odd_id) VALUES (148, 2, true, 4, '2018-09-19 10:15:40', 5, 1, 6, 1, null);
INSERT INTO Betting_Db.game (id, away_score, finished, home_score, start_time, away_team_id, country_id, home_team_id, league_id, odd_id) VALUES (149, 4, true, 1, '2018-09-19 10:15:40', 1, 1, 5, 1, null);
INSERT INTO Betting_Db.game (id, away_score, finished, home_score, start_time, away_team_id, country_id, home_team_id, league_id, odd_id) VALUES (150, 4, true, 0, '2018-09-19 10:15:40', 31, 1, 30, 2, null);
INSERT INTO Betting_Db.game (id, away_score, finished, home_score, start_time, away_team_id, country_id, home_team_id, league_id, odd_id) VALUES (151, 2, true, 1, '2018-09-19 10:15:40', 49, 1, 38, 3, null);
INSERT INTO Betting_Db.game (id, away_score, finished, home_score, start_time, away_team_id, country_id, home_team_id, league_id, odd_id) VALUES (152, 3, true, 1, '2018-09-19 10:15:40', 31, 1, 27, 2, null);
INSERT INTO Betting_Db.game (id, away_score, finished, home_score, start_time, away_team_id, country_id, home_team_id, league_id, odd_id) VALUES (153, 3, true, 0, '2018-09-19 10:15:40', 27, 1, 33, 2, null);
INSERT INTO Betting_Db.game (id, away_score, finished, home_score, start_time, away_team_id, country_id, home_team_id, league_id, odd_id) VALUES (154, 4, true, 3, '2018-09-19 10:15:40', 32, 1, 25, 2, null);
INSERT INTO Betting_Db.game (id, away_score, finished, home_score, start_time, away_team_id, country_id, home_team_id, league_id, odd_id) VALUES (155, 4, true, 4, '2018-09-19 10:15:40', 33, 1, 28, 2, null);
INSERT INTO Betting_Db.game (id, away_score, finished, home_score, start_time, away_team_id, country_id, home_team_id, league_id, odd_id) VALUES (156, 4, true, 0, '2018-09-19 10:15:40', 3, 1, 5, 1, null);
INSERT INTO Betting_Db.game (id, away_score, finished, home_score, start_time, away_team_id, country_id, home_team_id, league_id, odd_id) VALUES (157, 3, true, 0, '2018-09-19 10:15:40', 30, 1, 32, 2, null);
INSERT INTO Betting_Db.game (id, away_score, finished, home_score, start_time, away_team_id, country_id, home_team_id, league_id, odd_id) VALUES (158, 2, true, 1, '2018-09-19 10:15:40', 41, 1, 46, 3, null);
INSERT INTO Betting_Db.game (id, away_score, finished, home_score, start_time, away_team_id, country_id, home_team_id, league_id, odd_id) VALUES (159, 4, true, 2, '2018-09-19 10:15:40', 50, 1, 42, 3, null);
INSERT INTO Betting_Db.game (id, away_score, finished, home_score, start_time, away_team_id, country_id, home_team_id, league_id, odd_id) VALUES (160, 3, true, 0, '2018-09-19 10:15:40', 3, 1, 8, 1, null);
INSERT INTO Betting_Db.game (id, away_score, finished, home_score, start_time, away_team_id, country_id, home_team_id, league_id, odd_id) VALUES (161, 2, true, 2, '2018-09-19 10:15:40', 10, 1, 1, 1, null);
INSERT INTO Betting_Db.game (id, away_score, finished, home_score, start_time, away_team_id, country_id, home_team_id, league_id, odd_id) VALUES (162, 0, true, 1, '2018-09-19 10:15:40', 5, 1, 4, 1, null);
INSERT INTO Betting_Db.game (id, away_score, finished, home_score, start_time, away_team_id, country_id, home_team_id, league_id, odd_id) VALUES (163, 2, true, 0, '2018-09-19 10:15:40', 27, 1, 35, 2, null);
INSERT INTO Betting_Db.game (id, away_score, finished, home_score, start_time, away_team_id, country_id, home_team_id, league_id, odd_id) VALUES (164, 1, true, 0, '2018-09-19 10:15:40', 39, 1, 44, 3, null);
INSERT INTO Betting_Db.game (id, away_score, finished, home_score, start_time, away_team_id, country_id, home_team_id, league_id, odd_id) VALUES (165, 4, true, 3, '2018-09-19 10:15:40', 41, 1, 42, 3, null);
INSERT INTO Betting_Db.game (id, away_score, finished, home_score, start_time, away_team_id, country_id, home_team_id, league_id, odd_id) VALUES (166, 0, true, 2, '2018-09-19 10:15:40', 1, 1, 4, 1, null);
INSERT INTO Betting_Db.game (id, away_score, finished, home_score, start_time, away_team_id, country_id, home_team_id, league_id, odd_id) VALUES (167, 4, true, 3, '2018-09-19 10:15:40', 10, 1, 7, 1, null);
INSERT INTO Betting_Db.game (id, away_score, finished, home_score, start_time, away_team_id, country_id, home_team_id, league_id, odd_id) VALUES (168, 2, true, 3, '2018-09-19 10:15:40', 35, 1, 28, 2, null);
INSERT INTO Betting_Db.game (id, away_score, finished, home_score, start_time, away_team_id, country_id, home_team_id, league_id, odd_id) VALUES (169, 2, true, 3, '2018-09-19 10:15:40', 40, 1, 42, 3, null);
INSERT INTO Betting_Db.game (id, away_score, finished, home_score, start_time, away_team_id, country_id, home_team_id, league_id, odd_id) VALUES (170, 3, true, 3, '2018-09-19 10:15:40', 6, 1, 8, 1, null);
INSERT INTO Betting_Db.game (id, away_score, finished, home_score, start_time, away_team_id, country_id, home_team_id, league_id, odd_id) VALUES (171, 4, true, 1, '2018-09-19 10:15:40', 42, 1, 49, 3, null);
INSERT INTO Betting_Db.game (id, away_score, finished, home_score, start_time, away_team_id, country_id, home_team_id, league_id, odd_id) VALUES (172, 3, true, 1, '2018-09-19 10:15:40', 44, 1, 45, 3, null);
INSERT INTO Betting_Db.game (id, away_score, finished, home_score, start_time, away_team_id, country_id, home_team_id, league_id, odd_id) VALUES (173, 1, true, 1, '2018-09-19 10:15:40', 35, 1, 33, 2, null);
INSERT INTO Betting_Db.game (id, away_score, finished, home_score, start_time, away_team_id, country_id, home_team_id, league_id, odd_id) VALUES (174, 2, true, 1, '2018-09-19 10:15:40', 26, 1, 27, 2, null);
INSERT INTO Betting_Db.game (id, away_score, finished, home_score, start_time, away_team_id, country_id, home_team_id, league_id, odd_id) VALUES (175, 2, true, 0, '2018-09-19 10:15:40', 4, 1, 3, 1, null);
INSERT INTO Betting_Db.game (id, away_score, finished, home_score, start_time, away_team_id, country_id, home_team_id, league_id, odd_id) VALUES (176, 4, true, 2, '2018-09-19 10:15:40', 27, 1, 35, 2, null);
INSERT INTO Betting_Db.game (id, away_score, finished, home_score, start_time, away_team_id, country_id, home_team_id, league_id, odd_id) VALUES (177, 4, true, 0, '2018-09-19 10:15:40', 28, 1, 31, 2, null);
INSERT INTO Betting_Db.game (id, away_score, finished, home_score, start_time, away_team_id, country_id, home_team_id, league_id, odd_id) VALUES (178, 3, true, 1, '2018-09-19 10:15:40', 2, 1, 1, 1, null);
INSERT INTO Betting_Db.game (id, away_score, finished, home_score, start_time, away_team_id, country_id, home_team_id, league_id, odd_id) VALUES (179, 4, true, 4, '2018-09-19 10:15:40', 6, 1, 7, 1, null);
INSERT INTO Betting_Db.game (id, away_score, finished, home_score, start_time, away_team_id, country_id, home_team_id, league_id, odd_id) VALUES (180, 0, true, 0, '2018-09-19 10:15:40', 50, 1, 36, 3, null);
INSERT INTO Betting_Db.game (id, away_score, finished, home_score, start_time, away_team_id, country_id, home_team_id, league_id, odd_id) VALUES (181, 1, true, 2, '2018-09-19 10:15:40', 10, 1, 2, 1, null);
INSERT INTO Betting_Db.game (id, away_score, finished, home_score, start_time, away_team_id, country_id, home_team_id, league_id, odd_id) VALUES (182, 4, true, 1, '2018-09-19 10:15:40', 28, 1, 29, 2, null);
INSERT INTO Betting_Db.game (id, away_score, finished, home_score, start_time, away_team_id, country_id, home_team_id, league_id, odd_id) VALUES (183, 1, true, 2, '2018-09-19 10:15:40', 28, 1, 34, 2, null);
INSERT INTO Betting_Db.game (id, away_score, finished, home_score, start_time, away_team_id, country_id, home_team_id, league_id, odd_id) VALUES (184, 2, true, 3, '2018-09-19 10:15:40', 40, 1, 39, 3, null);
INSERT INTO Betting_Db.game (id, away_score, finished, home_score, start_time, away_team_id, country_id, home_team_id, league_id, odd_id) VALUES (185, 4, true, 2, '2018-09-19 10:15:40', 3, 1, 4, 1, null);
INSERT INTO Betting_Db.game (id, away_score, finished, home_score, start_time, away_team_id, country_id, home_team_id, league_id, odd_id) VALUES (186, 2, true, 2, '2018-09-19 10:15:40', 45, 1, 47, 3, null);
INSERT INTO Betting_Db.game (id, away_score, finished, home_score, start_time, away_team_id, country_id, home_team_id, league_id, odd_id) VALUES (187, 4, true, 3, '2018-09-19 10:15:40', 48, 1, 47, 3, null);
INSERT INTO Betting_Db.game (id, away_score, finished, home_score, start_time, away_team_id, country_id, home_team_id, league_id, odd_id) VALUES (188, 1, true, 1, '2018-09-19 10:15:40', 43, 1, 48, 3, null);
INSERT INTO Betting_Db.game (id, away_score, finished, home_score, start_time, away_team_id, country_id, home_team_id, league_id, odd_id) VALUES (189, 4, true, 3, '2018-09-19 10:15:40', 39, 1, 50, 3, null);
INSERT INTO Betting_Db.game (id, away_score, finished, home_score, start_time, away_team_id, country_id, home_team_id, league_id, odd_id) VALUES (190, 4, true, 1, '2018-09-19 10:15:40', 9, 1, 7, 1, null);
INSERT INTO Betting_Db.game (id, away_score, finished, home_score, start_time, away_team_id, country_id, home_team_id, league_id, odd_id) VALUES (191, 4, true, 4, '2018-09-19 10:15:40', 36, 1, 40, 3, null);
INSERT INTO Betting_Db.game (id, away_score, finished, home_score, start_time, away_team_id, country_id, home_team_id, league_id, odd_id) VALUES (192, 2, true, 1, '2018-09-19 10:15:40', 27, 1, 28, 2, null);
INSERT INTO Betting_Db.game (id, away_score, finished, home_score, start_time, away_team_id, country_id, home_team_id, league_id, odd_id) VALUES (193, 2, true, 3, '2018-09-19 10:15:40', 42, 1, 43, 3, null);
INSERT INTO Betting_Db.game (id, away_score, finished, home_score, start_time, away_team_id, country_id, home_team_id, league_id, odd_id) VALUES (194, 2, true, 3, '2018-09-19 10:15:40', 46, 1, 38, 3, null);
INSERT INTO Betting_Db.game (id, away_score, finished, home_score, start_time, away_team_id, country_id, home_team_id, league_id, odd_id) VALUES (195, 2, true, 4, '2018-09-19 10:15:40', 5, 1, 2, 1, null);
INSERT INTO Betting_Db.game (id, away_score, finished, home_score, start_time, away_team_id, country_id, home_team_id, league_id, odd_id) VALUES (196, 0, true, 1, '2018-09-19 10:15:40', 44, 1, 48, 3, null);
INSERT INTO Betting_Db.game (id, away_score, finished, home_score, start_time, away_team_id, country_id, home_team_id, league_id, odd_id) VALUES (197, 2, true, 4, '2018-09-19 10:15:40', 29, 1, 30, 2, null);
INSERT INTO Betting_Db.game (id, away_score, finished, home_score, start_time, away_team_id, country_id, home_team_id, league_id, odd_id) VALUES (198, 0, true, 1, '2018-09-19 10:15:40', 41, 1, 37, 3, null);
INSERT INTO Betting_Db.game (id, away_score, finished, home_score, start_time, away_team_id, country_id, home_team_id, league_id, odd_id) VALUES (199, 1, true, 1, '2018-09-19 10:15:40', 40, 1, 39, 3, null);
INSERT INTO Betting_Db.game (id, away_score, finished, home_score, start_time, away_team_id, country_id, home_team_id, league_id, odd_id) VALUES (200, 4, true, 2, '2018-09-19 10:15:40', 38, 1, 39, 3, null);
INSERT INTO Betting_Db.game (id, away_score, finished, home_score, start_time, away_team_id, country_id, home_team_id, league_id, odd_id) VALUES (201, 3, true, 3, '2018-09-19 10:15:40', 27, 1, 35, 2, null);
INSERT INTO Betting_Db.game (id, away_score, finished, home_score, start_time, away_team_id, country_id, home_team_id, league_id, odd_id) VALUES (202, 3, true, 4, '2018-09-19 10:15:40', 2, 1, 6, 1, null);
INSERT INTO Betting_Db.game (id, away_score, finished, home_score, start_time, away_team_id, country_id, home_team_id, league_id, odd_id) VALUES (203, 2, true, 0, '2018-09-19 10:15:40', 30, 1, 34, 2, null);
INSERT INTO Betting_Db.game (id, away_score, finished, home_score, start_time, away_team_id, country_id, home_team_id, league_id, odd_id) VALUES (204, 3, true, 4, '2018-09-19 10:15:40', 40, 1, 42, 3, null);
INSERT INTO Betting_Db.game (id, away_score, finished, home_score, start_time, away_team_id, country_id, home_team_id, league_id, odd_id) VALUES (205, 2, true, 4, '2018-09-19 10:15:40', 42, 1, 43, 3, null);
INSERT INTO Betting_Db.game (id, away_score, finished, home_score, start_time, away_team_id, country_id, home_team_id, league_id, odd_id) VALUES (206, 4, true, 2, '2018-09-19 10:15:40', 28, 1, 25, 2, null);
INSERT INTO Betting_Db.game (id, away_score, finished, home_score, start_time, away_team_id, country_id, home_team_id, league_id, odd_id) VALUES (207, 3, true, 3, '2018-09-19 10:15:40', 3, 1, 6, 1, null);
INSERT INTO Betting_Db.game (id, away_score, finished, home_score, start_time, away_team_id, country_id, home_team_id, league_id, odd_id) VALUES (208, 0, true, 0, '2018-09-19 10:15:40', 26, 1, 28, 2, null);
INSERT INTO Betting_Db.game (id, away_score, finished, home_score, start_time, away_team_id, country_id, home_team_id, league_id, odd_id) VALUES (209, 3, true, 4, '2018-09-19 10:15:40', 44, 1, 48, 3, null);
INSERT INTO Betting_Db.game (id, away_score, finished, home_score, start_time, away_team_id, country_id, home_team_id, league_id, odd_id) VALUES (210, 0, true, 2, '2018-09-19 10:15:40', 5, 1, 3, 1, null);
INSERT INTO Betting_Db.game (id, away_score, finished, home_score, start_time, away_team_id, country_id, home_team_id, league_id, odd_id) VALUES (211, 3, true, 2, '2018-09-19 10:15:40', 32, 1, 28, 2, null);
INSERT INTO Betting_Db.game (id, away_score, finished, home_score, start_time, away_team_id, country_id, home_team_id, league_id, odd_id) VALUES (212, 2, true, 4, '2018-09-19 10:15:40', 36, 1, 47, 3, null);
INSERT INTO Betting_Db.game (id, away_score, finished, home_score, start_time, away_team_id, country_id, home_team_id, league_id, odd_id) VALUES (213, 3, true, 2, '2018-09-19 10:15:40', 6, 1, 3, 1, null);
INSERT INTO Betting_Db.game (id, away_score, finished, home_score, start_time, away_team_id, country_id, home_team_id, league_id, odd_id) VALUES (214, 2, true, 0, '2018-09-19 10:15:40', 4, 1, 9, 1, null);
INSERT INTO Betting_Db.game (id, away_score, finished, home_score, start_time, away_team_id, country_id, home_team_id, league_id, odd_id) VALUES (215, 0, true, 3, '2018-09-19 10:15:40', 43, 1, 50, 3, null);
INSERT INTO Betting_Db.game (id, away_score, finished, home_score, start_time, away_team_id, country_id, home_team_id, league_id, odd_id) VALUES (216, 0, true, 2, '2018-09-19 10:15:40', 3, 1, 6, 1, null);
INSERT INTO Betting_Db.game (id, away_score, finished, home_score, start_time, away_team_id, country_id, home_team_id, league_id, odd_id) VALUES (217, 0, true, 2, '2018-09-19 10:15:40', 42, 1, 50, 3, null);
INSERT INTO Betting_Db.game (id, away_score, finished, home_score, start_time, away_team_id, country_id, home_team_id, league_id, odd_id) VALUES (218, 1, true, 3, '2018-09-19 10:15:40', 46, 1, 48, 3, null);
INSERT INTO Betting_Db.game (id, away_score, finished, home_score, start_time, away_team_id, country_id, home_team_id, league_id, odd_id) VALUES (219, 1, true, 4, '2018-09-19 10:15:40', 29, 1, 34, 2, null);
INSERT INTO Betting_Db.game (id, away_score, finished, home_score, start_time, away_team_id, country_id, home_team_id, league_id, odd_id) VALUES (220, 4, true, 3, '2018-09-19 10:15:40', 26, 1, 28, 2, null);
INSERT INTO Betting_Db.game (id, away_score, finished, home_score, start_time, away_team_id, country_id, home_team_id, league_id, odd_id) VALUES (221, 1, true, 2, '2018-09-19 10:15:40', 35, 1, 29, 2, null);
INSERT INTO Betting_Db.game (id, away_score, finished, home_score, start_time, away_team_id, country_id, home_team_id, league_id, odd_id) VALUES (222, 0, true, 4, '2018-09-19 10:15:40', 3, 1, 6, 1, null);
INSERT INTO Betting_Db.game (id, away_score, finished, home_score, start_time, away_team_id, country_id, home_team_id, league_id, odd_id) VALUES (223, 3, true, 0, '2018-09-19 10:15:40', 48, 1, 41, 3, null);
INSERT INTO Betting_Db.game (id, away_score, finished, home_score, start_time, away_team_id, country_id, home_team_id, league_id, odd_id) VALUES (224, 2, true, 3, '2018-09-19 10:15:40', 4, 1, 2, 1, null);
INSERT INTO Betting_Db.game (id, away_score, finished, home_score, start_time, away_team_id, country_id, home_team_id, league_id, odd_id) VALUES (225, 3, true, 0, '2018-09-19 10:15:40', 34, 1, 25, 2, null);
INSERT INTO Betting_Db.game (id, away_score, finished, home_score, start_time, away_team_id, country_id, home_team_id, league_id, odd_id) VALUES (226, 2, true, 2, '2018-09-19 10:15:40', 29, 1, 28, 2, null);
INSERT INTO Betting_Db.game (id, away_score, finished, home_score, start_time, away_team_id, country_id, home_team_id, league_id, odd_id) VALUES (227, 3, true, 1, '2018-09-19 10:15:40', 39, 1, 38, 3, null);
INSERT INTO Betting_Db.game (id, away_score, finished, home_score, start_time, away_team_id, country_id, home_team_id, league_id, odd_id) VALUES (228, 4, true, 1, '2018-09-19 10:15:40', 5, 1, 8, 1, null);
INSERT INTO Betting_Db.game (id, away_score, finished, home_score, start_time, away_team_id, country_id, home_team_id, league_id, odd_id) VALUES (229, 0, true, 2, '2018-09-19 10:15:40', 38, 1, 50, 3, null);
INSERT INTO Betting_Db.game (id, away_score, finished, home_score, start_time, away_team_id, country_id, home_team_id, league_id, odd_id) VALUES (230, 1, true, 2, '2018-09-19 10:15:40', 34, 1, 27, 2, null);
INSERT INTO Betting_Db.game (id, away_score, finished, home_score, start_time, away_team_id, country_id, home_team_id, league_id, odd_id) VALUES (231, 0, true, 4, '2018-09-19 10:15:40', 25, 1, 26, 2, null);
INSERT INTO Betting_Db.game (id, away_score, finished, home_score, start_time, away_team_id, country_id, home_team_id, league_id, odd_id) VALUES (232, 0, true, 1, '2018-09-19 10:15:40', 10, 1, 7, 1, null);
INSERT INTO Betting_Db.game (id, away_score, finished, home_score, start_time, away_team_id, country_id, home_team_id, league_id, odd_id) VALUES (233, 1, true, 1, '2018-09-19 10:15:40', 4, 1, 9, 1, null);
INSERT INTO Betting_Db.game (id, away_score, finished, home_score, start_time, away_team_id, country_id, home_team_id, league_id, odd_id) VALUES (234, 3, true, 0, '2018-09-19 10:15:40', 49, 1, 43, 3, null);
INSERT INTO Betting_Db.game (id, away_score, finished, home_score, start_time, away_team_id, country_id, home_team_id, league_id, odd_id) VALUES (235, 4, true, 2, '2018-09-19 10:15:40', 31, 1, 28, 2, null);
INSERT INTO Betting_Db.game (id, away_score, finished, home_score, start_time, away_team_id, country_id, home_team_id, league_id, odd_id) VALUES (236, 4, true, 1, '2018-09-19 10:15:40', 44, 1, 45, 3, null);
INSERT INTO Betting_Db.game (id, away_score, finished, home_score, start_time, away_team_id, country_id, home_team_id, league_id, odd_id) VALUES (237, 2, true, 2, '2018-09-19 10:15:40', 49, 1, 44, 3, null);
INSERT INTO Betting_Db.game (id, away_score, finished, home_score, start_time, away_team_id, country_id, home_team_id, league_id, odd_id) VALUES (238, 1, true, 2, '2018-09-19 10:15:40', 50, 1, 44, 3, null);
INSERT INTO Betting_Db.game (id, away_score, finished, home_score, start_time, away_team_id, country_id, home_team_id, league_id, odd_id) VALUES (239, 0, true, 0, '2018-09-19 10:15:40', 35, 1, 32, 2, null);
INSERT INTO Betting_Db.game (id, away_score, finished, home_score, start_time, away_team_id, country_id, home_team_id, league_id, odd_id) VALUES (240, 1, true, 0, '2018-09-19 10:15:40', 40, 1, 42, 3, null);
INSERT INTO Betting_Db.game (id, away_score, finished, home_score, start_time, away_team_id, country_id, home_team_id, league_id, odd_id) VALUES (241, 4, true, 2, '2018-09-19 10:15:40', 8, 1, 10, 1, null);
INSERT INTO Betting_Db.game (id, away_score, finished, home_score, start_time, away_team_id, country_id, home_team_id, league_id, odd_id) VALUES (242, 1, true, 1, '2018-09-19 10:15:40', 29, 1, 32, 2, null);
INSERT INTO Betting_Db.game (id, away_score, finished, home_score, start_time, away_team_id, country_id, home_team_id, league_id, odd_id) VALUES (243, 0, true, 1, '2018-09-19 10:15:40', 5, 1, 10, 1, null);
INSERT INTO Betting_Db.game (id, away_score, finished, home_score, start_time, away_team_id, country_id, home_team_id, league_id, odd_id) VALUES (244, 1, true, 0, '2018-09-19 10:15:40', 10, 1, 4, 1, null);
INSERT INTO Betting_Db.game (id, away_score, finished, home_score, start_time, away_team_id, country_id, home_team_id, league_id, odd_id) VALUES (245, 0, true, 2, '2018-09-19 10:15:40', 8, 1, 1, 1, null);
INSERT INTO Betting_Db.game (id, away_score, finished, home_score, start_time, away_team_id, country_id, home_team_id, league_id, odd_id) VALUES (246, 1, true, 1, '2018-09-19 10:15:40', 35, 1, 26, 2, null);
INSERT INTO Betting_Db.game (id, away_score, finished, home_score, start_time, away_team_id, country_id, home_team_id, league_id, odd_id) VALUES (247, 2, true, 2, '2018-09-19 10:15:40', 2, 1, 10, 1, null);
INSERT INTO Betting_Db.game (id, away_score, finished, home_score, start_time, away_team_id, country_id, home_team_id, league_id, odd_id) VALUES (248, 2, true, 0, '2018-09-19 10:15:40', 6, 1, 4, 1, null);
INSERT INTO Betting_Db.game (id, away_score, finished, home_score, start_time, away_team_id, country_id, home_team_id, league_id, odd_id) VALUES (249, 0, true, 0, '2018-09-19 10:15:40', 33, 1, 32, 2, null);
INSERT INTO Betting_Db.game (id, away_score, finished, home_score, start_time, away_team_id, country_id, home_team_id, league_id, odd_id) VALUES (250, 2, true, 4, '2018-09-19 10:15:40', 35, 1, 29, 2, null);
INSERT INTO Betting_Db.game (id, away_score, finished, home_score, start_time, away_team_id, country_id, home_team_id, league_id, odd_id) VALUES (251, 0, true, 0, '2018-09-19 10:15:40', 33, 1, 25, 2, null);
INSERT INTO Betting_Db.game (id, away_score, finished, home_score, start_time, away_team_id, country_id, home_team_id, league_id, odd_id) VALUES (252, 1, true, 2, '2018-09-19 10:15:40', 46, 1, 37, 3, null);
INSERT INTO Betting_Db.game (id, away_score, finished, home_score, start_time, away_team_id, country_id, home_team_id, league_id, odd_id) VALUES (253, 0, true, 1, '2018-09-19 10:15:40', 26, 1, 34, 2, null);
INSERT INTO Betting_Db.game (id, away_score, finished, home_score, start_time, away_team_id, country_id, home_team_id, league_id, odd_id) VALUES (254, 2, true, 1, '2018-09-19 10:15:41', 35, 1, 28, 2, null);
INSERT INTO Betting_Db.game (id, away_score, finished, home_score, start_time, away_team_id, country_id, home_team_id, league_id, odd_id) VALUES (255, 3, true, 1, '2018-09-19 10:15:41', 38, 1, 45, 3, null);
INSERT INTO Betting_Db.game (id, away_score, finished, home_score, start_time, away_team_id, country_id, home_team_id, league_id, odd_id) VALUES (256, 3, true, 3, '2018-09-19 10:15:41', 34, 1, 33, 2, null);
INSERT INTO Betting_Db.game (id, away_score, finished, home_score, start_time, away_team_id, country_id, home_team_id, league_id, odd_id) VALUES (257, 4, true, 1, '2018-09-19 10:15:41', 8, 1, 10, 1, null);
INSERT INTO Betting_Db.game (id, away_score, finished, home_score, start_time, away_team_id, country_id, home_team_id, league_id, odd_id) VALUES (258, 2, true, 4, '2018-09-19 10:15:41', 9, 1, 2, 1, null);
INSERT INTO Betting_Db.game (id, away_score, finished, home_score, start_time, away_team_id, country_id, home_team_id, league_id, odd_id) VALUES (259, 3, true, 1, '2018-09-19 10:15:41', 47, 1, 40, 3, null);
INSERT INTO Betting_Db.game (id, away_score, finished, home_score, start_time, away_team_id, country_id, home_team_id, league_id, odd_id) VALUES (260, 2, true, 3, '2018-09-19 10:15:41', 37, 1, 44, 3, null);
INSERT INTO Betting_Db.game (id, away_score, finished, home_score, start_time, away_team_id, country_id, home_team_id, league_id, odd_id) VALUES (261, 4, true, 2, '2018-09-19 10:15:41', 32, 1, 26, 2, null);
INSERT INTO Betting_Db.game (id, away_score, finished, home_score, start_time, away_team_id, country_id, home_team_id, league_id, odd_id) VALUES (262, 2, true, 0, '2018-09-19 10:15:41', 2, 1, 4, 1, null);
INSERT INTO Betting_Db.game (id, away_score, finished, home_score, start_time, away_team_id, country_id, home_team_id, league_id, odd_id) VALUES (263, 1, true, 2, '2018-09-19 10:15:41', 45, 1, 41, 3, null);
INSERT INTO Betting_Db.game (id, away_score, finished, home_score, start_time, away_team_id, country_id, home_team_id, league_id, odd_id) VALUES (264, 0, true, 0, '2018-09-19 10:15:41', 40, 1, 49, 3, null);
INSERT INTO Betting_Db.game (id, away_score, finished, home_score, start_time, away_team_id, country_id, home_team_id, league_id, odd_id) VALUES (265, 0, true, 4, '2018-09-19 10:15:41', 33, 1, 30, 2, null);
INSERT INTO Betting_Db.game (id, away_score, finished, home_score, start_time, away_team_id, country_id, home_team_id, league_id, odd_id) VALUES (266, 1, true, 3, '2018-09-19 10:15:41', 35, 1, 30, 2, null);
INSERT INTO Betting_Db.game (id, away_score, finished, home_score, start_time, away_team_id, country_id, home_team_id, league_id, odd_id) VALUES (267, 4, true, 1, '2018-09-19 10:15:41', 38, 1, 44, 3, null);
INSERT INTO Betting_Db.game (id, away_score, finished, home_score, start_time, away_team_id, country_id, home_team_id, league_id, odd_id) VALUES (268, 0, true, 3, '2018-09-19 10:15:41', 26, 1, 31, 2, null);
INSERT INTO Betting_Db.game (id, away_score, finished, home_score, start_time, away_team_id, country_id, home_team_id, league_id, odd_id) VALUES (269, 4, true, 1, '2018-09-19 10:15:41', 36, 1, 47, 3, null);
INSERT INTO Betting_Db.game (id, away_score, finished, home_score, start_time, away_team_id, country_id, home_team_id, league_id, odd_id) VALUES (270, 2, true, 1, '2018-09-19 10:15:41', 47, 1, 38, 3, null);
INSERT INTO Betting_Db.game (id, away_score, finished, home_score, start_time, away_team_id, country_id, home_team_id, league_id, odd_id) VALUES (271, 2, true, 3, '2018-09-19 10:15:41', 5, 1, 2, 1, null);
INSERT INTO Betting_Db.game (id, away_score, finished, home_score, start_time, away_team_id, country_id, home_team_id, league_id, odd_id) VALUES (272, 0, true, 1, '2018-09-19 10:15:41', 34, 1, 25, 2, null);
INSERT INTO Betting_Db.game (id, away_score, finished, home_score, start_time, away_team_id, country_id, home_team_id, league_id, odd_id) VALUES (273, 1, true, 2, '2018-09-19 10:15:41', 4, 1, 10, 1, null);
INSERT INTO Betting_Db.game (id, away_score, finished, home_score, start_time, away_team_id, country_id, home_team_id, league_id, odd_id) VALUES (274, 0, true, 2, '2018-09-19 10:15:41', 4, 1, 3, 1, null);
INSERT INTO Betting_Db.game (id, away_score, finished, home_score, start_time, away_team_id, country_id, home_team_id, league_id, odd_id) VALUES (275, 3, true, 4, '2018-09-19 10:15:41', 35, 1, 33, 2, null);
INSERT INTO Betting_Db.game (id, away_score, finished, home_score, start_time, away_team_id, country_id, home_team_id, league_id, odd_id) VALUES (276, 2, true, 0, '2018-09-19 10:15:41', 5, 1, 7, 1, null);
INSERT INTO Betting_Db.game (id, away_score, finished, home_score, start_time, away_team_id, country_id, home_team_id, league_id, odd_id) VALUES (277, 2, true, 2, '2018-09-19 10:15:41', 3, 1, 10, 1, null);
INSERT INTO Betting_Db.game (id, away_score, finished, home_score, start_time, away_team_id, country_id, home_team_id, league_id, odd_id) VALUES (278, 3, true, 1, '2018-09-19 10:15:41', 25, 1, 34, 2, null);
INSERT INTO Betting_Db.game (id, away_score, finished, home_score, start_time, away_team_id, country_id, home_team_id, league_id, odd_id) VALUES (279, 2, true, 1, '2018-09-19 10:15:41', 28, 1, 29, 2, null);
INSERT INTO Betting_Db.game (id, away_score, finished, home_score, start_time, away_team_id, country_id, home_team_id, league_id, odd_id) VALUES (280, 0, true, 1, '2018-09-19 10:15:41', 48, 1, 45, 3, null);
INSERT INTO Betting_Db.game (id, away_score, finished, home_score, start_time, away_team_id, country_id, home_team_id, league_id, odd_id) VALUES (281, 4, true, 4, '2018-09-19 10:15:41', 5, 1, 10, 1, null);
INSERT INTO Betting_Db.game (id, away_score, finished, home_score, start_time, away_team_id, country_id, home_team_id, league_id, odd_id) VALUES (282, 3, true, 2, '2018-09-19 10:15:41', 31, 1, 30, 2, null);
INSERT INTO Betting_Db.game (id, away_score, finished, home_score, start_time, away_team_id, country_id, home_team_id, league_id, odd_id) VALUES (283, 4, true, 3, '2018-09-19 10:15:41', 44, 1, 38, 3, null);
INSERT INTO Betting_Db.game (id, away_score, finished, home_score, start_time, away_team_id, country_id, home_team_id, league_id, odd_id) VALUES (284, 1, true, 4, '2018-09-19 10:15:41', 28, 1, 29, 2, null);
INSERT INTO Betting_Db.game (id, away_score, finished, home_score, start_time, away_team_id, country_id, home_team_id, league_id, odd_id) VALUES (285, 1, true, 4, '2018-09-19 10:15:41', 29, 1, 34, 2, null);
INSERT INTO Betting_Db.game (id, away_score, finished, home_score, start_time, away_team_id, country_id, home_team_id, league_id, odd_id) VALUES (286, 4, true, 2, '2018-09-19 10:15:41', 28, 1, 32, 2, null);
INSERT INTO Betting_Db.game (id, away_score, finished, home_score, start_time, away_team_id, country_id, home_team_id, league_id, odd_id) VALUES (287, 0, true, 2, '2018-09-19 10:15:41', 29, 1, 31, 2, null);
INSERT INTO Betting_Db.game (id, away_score, finished, home_score, start_time, away_team_id, country_id, home_team_id, league_id, odd_id) VALUES (288, 4, true, 1, '2018-09-19 10:15:41', 10, 1, 6, 1, null);
INSERT INTO Betting_Db.game (id, away_score, finished, home_score, start_time, away_team_id, country_id, home_team_id, league_id, odd_id) VALUES (289, 3, true, 3, '2018-09-19 10:15:41', 46, 1, 36, 3, null);
INSERT INTO Betting_Db.game (id, away_score, finished, home_score, start_time, away_team_id, country_id, home_team_id, league_id, odd_id) VALUES (290, 4, true, 4, '2018-09-19 10:15:41', 50, 1, 40, 3, null);
INSERT INTO Betting_Db.game (id, away_score, finished, home_score, start_time, away_team_id, country_id, home_team_id, league_id, odd_id) VALUES (291, 4, true, 1, '2018-09-19 10:15:41', 26, 1, 35, 2, null);
INSERT INTO Betting_Db.game (id, away_score, finished, home_score, start_time, away_team_id, country_id, home_team_id, league_id, odd_id) VALUES (292, 3, true, 3, '2018-09-19 10:15:41', 32, 1, 30, 2, null);
INSERT INTO Betting_Db.game (id, away_score, finished, home_score, start_time, away_team_id, country_id, home_team_id, league_id, odd_id) VALUES (293, 3, true, 2, '2018-09-19 10:15:41', 43, 1, 39, 3, null);
INSERT INTO Betting_Db.game (id, away_score, finished, home_score, start_time, away_team_id, country_id, home_team_id, league_id, odd_id) VALUES (294, 1, true, 4, '2018-09-19 10:15:41', 49, 1, 41, 3, null);
INSERT INTO Betting_Db.game (id, away_score, finished, home_score, start_time, away_team_id, country_id, home_team_id, league_id, odd_id) VALUES (295, 0, true, 0, '2018-09-19 10:15:41', 47, 1, 46, 3, null);
INSERT INTO Betting_Db.game (id, away_score, finished, home_score, start_time, away_team_id, country_id, home_team_id, league_id, odd_id) VALUES (296, 3, true, 4, '2018-09-19 10:15:41', 34, 1, 32, 2, null);
INSERT INTO Betting_Db.game (id, away_score, finished, home_score, start_time, away_team_id, country_id, home_team_id, league_id, odd_id) VALUES (297, 0, true, 0, '2018-09-19 10:15:41', 31, 1, 33, 2, null);
INSERT INTO Betting_Db.game (id, away_score, finished, home_score, start_time, away_team_id, country_id, home_team_id, league_id, odd_id) VALUES (298, 3, true, 1, '2018-09-19 10:15:41', 10, 1, 8, 1, null);
INSERT INTO Betting_Db.game (id, away_score, finished, home_score, start_time, away_team_id, country_id, home_team_id, league_id, odd_id) VALUES (299, 3, true, 0, '2018-09-19 10:15:41', 39, 1, 44, 3, null);
INSERT INTO Betting_Db.game (id, away_score, finished, home_score, start_time, away_team_id, country_id, home_team_id, league_id, odd_id) VALUES (300, 0, true, 2, '2018-09-19 10:15:41', 8, 1, 1, 1, null);
INSERT INTO Betting_Db.game (id, away_score, finished, home_score, start_time, away_team_id, country_id, home_team_id, league_id, odd_id) VALUES (301, 2, true, 4, '2018-09-19 10:15:41', 28, 1, 35, 2, null);
INSERT INTO Betting_Db.game (id, away_score, finished, home_score, start_time, away_team_id, country_id, home_team_id, league_id, odd_id) VALUES (302, 2, true, 3, '2018-09-19 10:15:41', 29, 1, 25, 2, null);
INSERT INTO Betting_Db.game (id, away_score, finished, home_score, start_time, away_team_id, country_id, home_team_id, league_id, odd_id) VALUES (303, 4, true, 4, '2018-09-19 10:15:41', 41, 1, 45, 3, null);
INSERT INTO Betting_Db.game (id, away_score, finished, home_score, start_time, away_team_id, country_id, home_team_id, league_id, odd_id) VALUES (304, 2, true, 0, '2018-09-19 10:15:41', 6, 1, 8, 1, null);
INSERT INTO Betting_Db.game (id, away_score, finished, home_score, start_time, away_team_id, country_id, home_team_id, league_id, odd_id) VALUES (305, 1, true, 0, '2018-09-19 10:15:41', 31, 1, 30, 2, null);
INSERT INTO Betting_Db.game (id, away_score, finished, home_score, start_time, away_team_id, country_id, home_team_id, league_id, odd_id) VALUES (306, 4, true, 2, '2018-09-19 10:15:41', 28, 1, 33, 2, null);
INSERT INTO Betting_Db.game (id, away_score, finished, home_score, start_time, away_team_id, country_id, home_team_id, league_id, odd_id) VALUES (307, 2, true, 2, '2018-09-19 10:15:41', 5, 1, 2, 1, null);
INSERT INTO Betting_Db.game (id, away_score, finished, home_score, start_time, away_team_id, country_id, home_team_id, league_id, odd_id) VALUES (308, 4, true, 1, '2018-09-19 10:15:41', 25, 1, 34, 2, null);
INSERT INTO Betting_Db.game (id, away_score, finished, home_score, start_time, away_team_id, country_id, home_team_id, league_id, odd_id) VALUES (309, 1, true, 4, '2018-09-19 10:15:41', 50, 1, 36, 3, null);
INSERT INTO Betting_Db.game (id, away_score, finished, home_score, start_time, away_team_id, country_id, home_team_id, league_id, odd_id) VALUES (310, 2, true, 3, '2018-09-19 10:15:41', 10, 1, 2, 1, null);
INSERT INTO Betting_Db.game (id, away_score, finished, home_score, start_time, away_team_id, country_id, home_team_id, league_id, odd_id) VALUES (311, 2, true, 2, '2018-09-19 10:15:41', 37, 1, 50, 3, null);
INSERT INTO Betting_Db.game (id, away_score, finished, home_score, start_time, away_team_id, country_id, home_team_id, league_id, odd_id) VALUES (312, 2, true, 4, '2018-09-19 10:15:41', 2, 1, 3, 1, null);
INSERT INTO Betting_Db.game (id, away_score, finished, home_score, start_time, away_team_id, country_id, home_team_id, league_id, odd_id) VALUES (313, 0, true, 3, '2018-09-19 10:15:41', 6, 1, 5, 1, null);
INSERT INTO Betting_Db.game (id, away_score, finished, home_score, start_time, away_team_id, country_id, home_team_id, league_id, odd_id) VALUES (314, 2, true, 2, '2018-09-19 10:15:41', 7, 1, 3, 1, null);
INSERT INTO Betting_Db.game (id, away_score, finished, home_score, start_time, away_team_id, country_id, home_team_id, league_id, odd_id) VALUES (315, 1, true, 4, '2018-09-19 10:15:41', 29, 1, 33, 2, null);
INSERT INTO Betting_Db.game (id, away_score, finished, home_score, start_time, away_team_id, country_id, home_team_id, league_id, odd_id) VALUES (316, 1, true, 4, '2018-09-19 10:15:41', 44, 1, 42, 3, null);
INSERT INTO Betting_Db.game (id, away_score, finished, home_score, start_time, away_team_id, country_id, home_team_id, league_id, odd_id) VALUES (317, 3, true, 2, '2018-09-19 10:15:41', 43, 1, 42, 3, null);
INSERT INTO Betting_Db.game (id, away_score, finished, home_score, start_time, away_team_id, country_id, home_team_id, league_id, odd_id) VALUES (318, 3, true, 0, '2018-09-19 10:15:41', 43, 1, 39, 3, null);
INSERT INTO Betting_Db.game (id, away_score, finished, home_score, start_time, away_team_id, country_id, home_team_id, league_id, odd_id) VALUES (319, 3, true, 3, '2018-09-19 10:15:41', 8, 1, 6, 1, null);
INSERT INTO Betting_Db.game (id, away_score, finished, home_score, start_time, away_team_id, country_id, home_team_id, league_id, odd_id) VALUES (320, 1, true, 1, '2018-09-19 10:15:41', 44, 1, 39, 3, null);
INSERT INTO Betting_Db.game (id, away_score, finished, home_score, start_time, away_team_id, country_id, home_team_id, league_id, odd_id) VALUES (321, 4, true, 0, '2018-09-19 10:15:41', 30, 1, 35, 2, null);
INSERT INTO Betting_Db.game (id, away_score, finished, home_score, start_time, away_team_id, country_id, home_team_id, league_id, odd_id) VALUES (322, 3, true, 4, '2018-09-19 10:15:41', 44, 1, 45, 3, null);
INSERT INTO Betting_Db.game (id, away_score, finished, home_score, start_time, away_team_id, country_id, home_team_id, league_id, odd_id) VALUES (323, 1, true, 1, '2018-09-19 10:15:41', 31, 1, 32, 2, null);
INSERT INTO Betting_Db.game (id, away_score, finished, home_score, start_time, away_team_id, country_id, home_team_id, league_id, odd_id) VALUES (324, 0, true, 4, '2018-09-19 10:15:41', 6, 1, 8, 1, null);
INSERT INTO Betting_Db.game (id, away_score, finished, home_score, start_time, away_team_id, country_id, home_team_id, league_id, odd_id) VALUES (325, 1, true, 1, '2018-09-19 10:15:41', 7, 1, 5, 1, null);
INSERT INTO Betting_Db.game (id, away_score, finished, home_score, start_time, away_team_id, country_id, home_team_id, league_id, odd_id) VALUES (326, 0, true, 1, '2018-09-19 10:15:41', 46, 1, 40, 3, null);
INSERT INTO Betting_Db.game (id, away_score, finished, home_score, start_time, away_team_id, country_id, home_team_id, league_id, odd_id) VALUES (327, 2, true, 3, '2018-09-19 10:15:41', 30, 1, 35, 2, null);
INSERT INTO Betting_Db.game (id, away_score, finished, home_score, start_time, away_team_id, country_id, home_team_id, league_id, odd_id) VALUES (328, 2, true, 1, '2018-09-19 10:15:41', 50, 1, 37, 3, null);
INSERT INTO Betting_Db.game (id, away_score, finished, home_score, start_time, away_team_id, country_id, home_team_id, league_id, odd_id) VALUES (329, 3, true, 2, '2018-09-19 10:15:41', 45, 1, 39, 3, null);
INSERT INTO Betting_Db.game (id, away_score, finished, home_score, start_time, away_team_id, country_id, home_team_id, league_id, odd_id) VALUES (330, 2, true, 4, '2018-09-19 10:15:41', 34, 1, 33, 2, null);
INSERT INTO Betting_Db.game (id, away_score, finished, home_score, start_time, away_team_id, country_id, home_team_id, league_id, odd_id) VALUES (331, 1, true, 1, '2018-09-19 10:15:41', 46, 1, 45, 3, null);
INSERT INTO Betting_Db.game (id, away_score, finished, home_score, start_time, away_team_id, country_id, home_team_id, league_id, odd_id) VALUES (332, 4, true, 1, '2018-09-19 10:15:41', 3, 1, 8, 1, null);
INSERT INTO Betting_Db.game (id, away_score, finished, home_score, start_time, away_team_id, country_id, home_team_id, league_id, odd_id) VALUES (333, 1, true, 1, '2018-09-19 10:15:41', 47, 1, 45, 3, null);
INSERT INTO Betting_Db.game (id, away_score, finished, home_score, start_time, away_team_id, country_id, home_team_id, league_id, odd_id) VALUES (334, 1, true, 2, '2018-09-19 10:15:41', 32, 1, 31, 2, null);
INSERT INTO Betting_Db.game (id, away_score, finished, home_score, start_time, away_team_id, country_id, home_team_id, league_id, odd_id) VALUES (335, 0, true, 0, '2018-09-19 10:15:41', 33, 1, 25, 2, null);
INSERT INTO Betting_Db.game (id, away_score, finished, home_score, start_time, away_team_id, country_id, home_team_id, league_id, odd_id) VALUES (336, 3, true, 0, '2018-09-19 10:15:41', 40, 1, 48, 3, null);
INSERT INTO Betting_Db.game (id, away_score, finished, home_score, start_time, away_team_id, country_id, home_team_id, league_id, odd_id) VALUES (337, 1, true, 4, '2018-09-19 10:15:41', 10, 1, 3, 1, null);
INSERT INTO Betting_Db.game (id, away_score, finished, home_score, start_time, away_team_id, country_id, home_team_id, league_id, odd_id) VALUES (338, 1, true, 3, '2018-09-19 10:15:41', 28, 1, 26, 2, null);
INSERT INTO Betting_Db.game (id, away_score, finished, home_score, start_time, away_team_id, country_id, home_team_id, league_id, odd_id) VALUES (339, 4, true, 1, '2018-09-19 10:15:41', 7, 1, 2, 1, null);
INSERT INTO Betting_Db.game (id, away_score, finished, home_score, start_time, away_team_id, country_id, home_team_id, league_id, odd_id) VALUES (340, 2, true, 4, '2018-09-19 10:15:41', 1, 1, 6, 1, null);
INSERT INTO Betting_Db.game (id, away_score, finished, home_score, start_time, away_team_id, country_id, home_team_id, league_id, odd_id) VALUES (341, 1, true, 0, '2018-09-19 10:15:41', 38, 1, 36, 3, null);
INSERT INTO Betting_Db.game (id, away_score, finished, home_score, start_time, away_team_id, country_id, home_team_id, league_id, odd_id) VALUES (342, 3, true, 0, '2018-09-19 10:15:41', 31, 1, 26, 2, null);
INSERT INTO Betting_Db.game (id, away_score, finished, home_score, start_time, away_team_id, country_id, home_team_id, league_id, odd_id) VALUES (343, 4, true, 3, '2018-09-19 10:15:41', 42, 1, 45, 3, null);
INSERT INTO Betting_Db.game (id, away_score, finished, home_score, start_time, away_team_id, country_id, home_team_id, league_id, odd_id) VALUES (344, 1, true, 4, '2018-09-19 10:15:41', 47, 1, 49, 3, null);
INSERT INTO Betting_Db.game (id, away_score, finished, home_score, start_time, away_team_id, country_id, home_team_id, league_id, odd_id) VALUES (345, 4, true, 0, '2018-09-19 10:15:41', 6, 1, 7, 1, null);
INSERT INTO Betting_Db.game (id, away_score, finished, home_score, start_time, away_team_id, country_id, home_team_id, league_id, odd_id) VALUES (346, 2, true, 1, '2018-09-19 10:15:41', 35, 1, 31, 2, null);
INSERT INTO Betting_Db.game (id, away_score, finished, home_score, start_time, away_team_id, country_id, home_team_id, league_id, odd_id) VALUES (347, 4, true, 4, '2018-09-19 10:15:41', 35, 1, 29, 2, null);
INSERT INTO Betting_Db.game (id, away_score, finished, home_score, start_time, away_team_id, country_id, home_team_id, league_id, odd_id) VALUES (348, 4, true, 0, '2018-09-19 10:15:41', 34, 1, 26, 2, null);
INSERT INTO Betting_Db.game (id, away_score, finished, home_score, start_time, away_team_id, country_id, home_team_id, league_id, odd_id) VALUES (349, 1, true, 2, '2018-09-19 10:15:41', 4, 1, 1, 1, null);
INSERT INTO Betting_Db.game (id, away_score, finished, home_score, start_time, away_team_id, country_id, home_team_id, league_id, odd_id) VALUES (350, 0, true, 1, '2018-09-19 10:15:41', 39, 1, 47, 3, null);
INSERT INTO Betting_Db.game (id, away_score, finished, home_score, start_time, away_team_id, country_id, home_team_id, league_id, odd_id) VALUES (351, 2, true, 3, '2018-09-19 10:15:41', 9, 1, 4, 1, null);
INSERT INTO Betting_Db.game (id, away_score, finished, home_score, start_time, away_team_id, country_id, home_team_id, league_id, odd_id) VALUES (352, 1, true, 1, '2018-09-19 10:15:41', 4, 1, 6, 1, null);
INSERT INTO Betting_Db.game (id, away_score, finished, home_score, start_time, away_team_id, country_id, home_team_id, league_id, odd_id) VALUES (353, 0, true, 4, '2018-09-19 10:15:41', 2, 1, 7, 1, null);
INSERT INTO Betting_Db.game (id, away_score, finished, home_score, start_time, away_team_id, country_id, home_team_id, league_id, odd_id) VALUES (354, 0, true, 1, '2018-09-19 10:15:41', 10, 1, 6, 1, null);
INSERT INTO Betting_Db.game (id, away_score, finished, home_score, start_time, away_team_id, country_id, home_team_id, league_id, odd_id) VALUES (355, 0, true, 0, '2018-09-19 10:15:41', 27, 1, 25, 2, null);
INSERT INTO Betting_Db.game (id, away_score, finished, home_score, start_time, away_team_id, country_id, home_team_id, league_id, odd_id) VALUES (356, 2, true, 2, '2018-09-19 10:15:41', 5, 1, 8, 1, null);
INSERT INTO Betting_Db.game (id, away_score, finished, home_score, start_time, away_team_id, country_id, home_team_id, league_id, odd_id) VALUES (357, 3, true, 4, '2018-09-19 10:15:41', 5, 1, 2, 1, null);
INSERT INTO Betting_Db.game (id, away_score, finished, home_score, start_time, away_team_id, country_id, home_team_id, league_id, odd_id) VALUES (358, 4, true, 3, '2018-09-19 10:15:41', 9, 1, 7, 1, null);
INSERT INTO Betting_Db.game (id, away_score, finished, home_score, start_time, away_team_id, country_id, home_team_id, league_id, odd_id) VALUES (359, 4, true, 0, '2018-09-19 10:15:41', 41, 1, 43, 3, null);
INSERT INTO Betting_Db.game (id, away_score, finished, home_score, start_time, away_team_id, country_id, home_team_id, league_id, odd_id) VALUES (360, 0, true, 0, '2018-09-19 10:15:41', 37, 1, 39, 3, null);
INSERT INTO Betting_Db.game (id, away_score, finished, home_score, start_time, away_team_id, country_id, home_team_id, league_id, odd_id) VALUES (361, 3, true, 0, '2018-09-19 10:15:41', 49, 1, 45, 3, null);
INSERT INTO Betting_Db.game (id, away_score, finished, home_score, start_time, away_team_id, country_id, home_team_id, league_id, odd_id) VALUES (362, 4, true, 4, '2018-09-19 10:15:41', 40, 1, 46, 3, null);
INSERT INTO Betting_Db.game (id, away_score, finished, home_score, start_time, away_team_id, country_id, home_team_id, league_id, odd_id) VALUES (363, 1, true, 3, '2018-09-19 10:15:41', 10, 1, 1, 1, null);
INSERT INTO Betting_Db.game (id, away_score, finished, home_score, start_time, away_team_id, country_id, home_team_id, league_id, odd_id) VALUES (364, 2, true, 1, '2018-09-19 10:15:41', 7, 1, 10, 1, null);
INSERT INTO Betting_Db.game (id, away_score, finished, home_score, start_time, away_team_id, country_id, home_team_id, league_id, odd_id) VALUES (365, 1, true, 4, '2018-09-19 10:15:41', 33, 1, 29, 2, null);
INSERT INTO Betting_Db.game (id, away_score, finished, home_score, start_time, away_team_id, country_id, home_team_id, league_id, odd_id) VALUES (366, 1, true, 0, '2018-09-19 10:15:41', 7, 1, 2, 1, null);
INSERT INTO Betting_Db.game (id, away_score, finished, home_score, start_time, away_team_id, country_id, home_team_id, league_id, odd_id) VALUES (367, 3, true, 0, '2018-09-19 10:15:41', 9, 1, 5, 1, null);
INSERT INTO Betting_Db.game (id, away_score, finished, home_score, start_time, away_team_id, country_id, home_team_id, league_id, odd_id) VALUES (368, 3, true, 4, '2018-09-19 10:15:41', 1, 1, 9, 1, null);
INSERT INTO Betting_Db.game (id, away_score, finished, home_score, start_time, away_team_id, country_id, home_team_id, league_id, odd_id) VALUES (369, 4, true, 0, '2018-09-19 10:15:41', 34, 1, 26, 2, null);
INSERT INTO Betting_Db.game (id, away_score, finished, home_score, start_time, away_team_id, country_id, home_team_id, league_id, odd_id) VALUES (370, 0, true, 2, '2018-09-19 10:15:41', 42, 1, 37, 3, null);
INSERT INTO Betting_Db.game (id, away_score, finished, home_score, start_time, away_team_id, country_id, home_team_id, league_id, odd_id) VALUES (371, 3, true, 2, '2018-09-19 10:15:41', 42, 1, 47, 3, null);
INSERT INTO Betting_Db.game (id, away_score, finished, home_score, start_time, away_team_id, country_id, home_team_id, league_id, odd_id) VALUES (372, 2, true, 2, '2018-09-19 10:15:41', 47, 1, 42, 3, null);
INSERT INTO Betting_Db.game (id, away_score, finished, home_score, start_time, away_team_id, country_id, home_team_id, league_id, odd_id) VALUES (373, 0, true, 4, '2018-09-19 10:15:41', 45, 1, 49, 3, null);
INSERT INTO Betting_Db.game (id, away_score, finished, home_score, start_time, away_team_id, country_id, home_team_id, league_id, odd_id) VALUES (374, 2, true, 1, '2018-09-19 10:15:41', 31, 1, 32, 2, null);
INSERT INTO Betting_Db.game (id, away_score, finished, home_score, start_time, away_team_id, country_id, home_team_id, league_id, odd_id) VALUES (375, 0, true, 4, '2018-09-19 10:15:41', 5, 1, 10, 1, null);
INSERT INTO Betting_Db.game (id, away_score, finished, home_score, start_time, away_team_id, country_id, home_team_id, league_id, odd_id) VALUES (376, 3, true, 1, '2018-09-19 10:15:41', 25, 1, 31, 2, null);
INSERT INTO Betting_Db.game (id, away_score, finished, home_score, start_time, away_team_id, country_id, home_team_id, league_id, odd_id) VALUES (377, 4, true, 1, '2018-09-19 10:15:41', 36, 1, 50, 3, null);
INSERT INTO Betting_Db.game (id, away_score, finished, home_score, start_time, away_team_id, country_id, home_team_id, league_id, odd_id) VALUES (378, 1, true, 3, '2018-09-19 10:15:41', 48, 1, 46, 3, null);
INSERT INTO Betting_Db.game (id, away_score, finished, home_score, start_time, away_team_id, country_id, home_team_id, league_id, odd_id) VALUES (379, 3, true, 4, '2018-09-19 10:15:41', 34, 1, 35, 2, null);
INSERT INTO Betting_Db.game (id, away_score, finished, home_score, start_time, away_team_id, country_id, home_team_id, league_id, odd_id) VALUES (380, 3, true, 0, '2018-09-19 10:15:41', 38, 1, 45, 3, null);
INSERT INTO Betting_Db.game (id, away_score, finished, home_score, start_time, away_team_id, country_id, home_team_id, league_id, odd_id) VALUES (381, 0, true, 3, '2018-09-19 10:15:41', 7, 1, 8, 1, null);
INSERT INTO Betting_Db.game (id, away_score, finished, home_score, start_time, away_team_id, country_id, home_team_id, league_id, odd_id) VALUES (382, 0, true, 0, '2018-09-19 10:15:41', 7, 1, 5, 1, null);
INSERT INTO Betting_Db.game (id, away_score, finished, home_score, start_time, away_team_id, country_id, home_team_id, league_id, odd_id) VALUES (383, 3, true, 2, '2018-09-19 10:15:41', 40, 1, 41, 3, null);
INSERT INTO Betting_Db.game (id, away_score, finished, home_score, start_time, away_team_id, country_id, home_team_id, league_id, odd_id) VALUES (384, 2, true, 4, '2018-09-19 10:15:41', 44, 1, 42, 3, null);
INSERT INTO Betting_Db.game (id, away_score, finished, home_score, start_time, away_team_id, country_id, home_team_id, league_id, odd_id) VALUES (385, 2, true, 3, '2018-09-19 10:15:41', 1, 1, 9, 1, null);
INSERT INTO Betting_Db.game (id, away_score, finished, home_score, start_time, away_team_id, country_id, home_team_id, league_id, odd_id) VALUES (386, 4, true, 0, '2018-09-19 10:15:41', 47, 1, 40, 3, null);
INSERT INTO Betting_Db.game (id, away_score, finished, home_score, start_time, away_team_id, country_id, home_team_id, league_id, odd_id) VALUES (387, 4, true, 0, '2018-09-19 10:15:41', 49, 1, 40, 3, null);
INSERT INTO Betting_Db.game (id, away_score, finished, home_score, start_time, away_team_id, country_id, home_team_id, league_id, odd_id) VALUES (388, 4, true, 0, '2018-09-19 10:15:41', 3, 1, 2, 1, null);
INSERT INTO Betting_Db.game (id, away_score, finished, home_score, start_time, away_team_id, country_id, home_team_id, league_id, odd_id) VALUES (389, 1, true, 2, '2018-09-19 10:15:41', 5, 1, 6, 1, null);
INSERT INTO Betting_Db.game (id, away_score, finished, home_score, start_time, away_team_id, country_id, home_team_id, league_id, odd_id) VALUES (390, 0, true, 2, '2018-09-19 10:15:41', 4, 1, 9, 1, null);
INSERT INTO Betting_Db.game (id, away_score, finished, home_score, start_time, away_team_id, country_id, home_team_id, league_id, odd_id) VALUES (391, 1, true, 0, '2018-09-19 10:15:41', 49, 1, 46, 3, null);
INSERT INTO Betting_Db.game (id, away_score, finished, home_score, start_time, away_team_id, country_id, home_team_id, league_id, odd_id) VALUES (392, 0, true, 4, '2018-09-19 10:15:41', 48, 1, 47, 3, null);
INSERT INTO Betting_Db.game (id, away_score, finished, home_score, start_time, away_team_id, country_id, home_team_id, league_id, odd_id) VALUES (393, 0, true, 4, '2018-09-19 10:15:41', 3, 1, 9, 1, null);
INSERT INTO Betting_Db.game (id, away_score, finished, home_score, start_time, away_team_id, country_id, home_team_id, league_id, odd_id) VALUES (394, 3, true, 1, '2018-09-19 10:15:41', 26, 1, 31, 2, null);
INSERT INTO Betting_Db.game (id, away_score, finished, home_score, start_time, away_team_id, country_id, home_team_id, league_id, odd_id) VALUES (395, 1, true, 0, '2018-09-19 10:15:41', 9, 1, 7, 1, null);
INSERT INTO Betting_Db.game (id, away_score, finished, home_score, start_time, away_team_id, country_id, home_team_id, league_id, odd_id) VALUES (396, 4, true, 0, '2018-09-19 10:15:41', 3, 1, 9, 1, null);
INSERT INTO Betting_Db.game (id, away_score, finished, home_score, start_time, away_team_id, country_id, home_team_id, league_id, odd_id) VALUES (397, 2, true, 3, '2018-09-19 10:15:41', 30, 1, 26, 2, null);
INSERT INTO Betting_Db.game (id, away_score, finished, home_score, start_time, away_team_id, country_id, home_team_id, league_id, odd_id) VALUES (398, 1, true, 2, '2018-09-19 10:15:41', 3, 1, 1, 1, null);
INSERT INTO Betting_Db.game (id, away_score, finished, home_score, start_time, away_team_id, country_id, home_team_id, league_id, odd_id) VALUES (399, 2, true, 2, '2018-09-19 10:15:41', 35, 1, 33, 2, null);
INSERT INTO Betting_Db.game (id, away_score, finished, home_score, start_time, away_team_id, country_id, home_team_id, league_id, odd_id) VALUES (400, 2, true, 4, '2018-09-19 10:15:41', 32, 1, 34, 2, null);
INSERT INTO Betting_Db.game (id, away_score, finished, home_score, start_time, away_team_id, country_id, home_team_id, league_id, odd_id) VALUES (401, 2, true, 3, '2018-09-19 10:15:41', 47, 1, 39, 3, null);
INSERT INTO Betting_Db.game (id, away_score, finished, home_score, start_time, away_team_id, country_id, home_team_id, league_id, odd_id) VALUES (402, 4, true, 4, '2018-09-19 10:15:41', 26, 1, 35, 2, null);
INSERT INTO Betting_Db.game (id, away_score, finished, home_score, start_time, away_team_id, country_id, home_team_id, league_id, odd_id) VALUES (403, 1, true, 1, '2018-09-19 10:15:41', 39, 1, 43, 3, null);
INSERT INTO Betting_Db.game (id, away_score, finished, home_score, start_time, away_team_id, country_id, home_team_id, league_id, odd_id) VALUES (404, 0, true, 1, '2018-09-19 10:15:41', 28, 1, 35, 2, null);
INSERT INTO Betting_Db.game (id, away_score, finished, home_score, start_time, away_team_id, country_id, home_team_id, league_id, odd_id) VALUES (405, 4, true, 1, '2018-09-19 10:15:41', 7, 1, 6, 1, null);
INSERT INTO Betting_Db.game (id, away_score, finished, home_score, start_time, away_team_id, country_id, home_team_id, league_id, odd_id) VALUES (406, 3, true, 4, '2018-09-19 10:15:41', 2, 1, 3, 1, null);
INSERT INTO Betting_Db.game (id, away_score, finished, home_score, start_time, away_team_id, country_id, home_team_id, league_id, odd_id) VALUES (407, 2, true, 4, '2018-09-19 10:15:41', 2, 1, 10, 1, null);
INSERT INTO Betting_Db.game (id, away_score, finished, home_score, start_time, away_team_id, country_id, home_team_id, league_id, odd_id) VALUES (408, 3, true, 1, '2018-09-19 10:15:41', 5, 1, 9, 1, null);
INSERT INTO Betting_Db.game (id, away_score, finished, home_score, start_time, away_team_id, country_id, home_team_id, league_id, odd_id) VALUES (409, 3, true, 1, '2018-09-19 10:15:41', 31, 1, 34, 2, null);
INSERT INTO Betting_Db.game (id, away_score, finished, home_score, start_time, away_team_id, country_id, home_team_id, league_id, odd_id) VALUES (410, 3, true, 4, '2018-09-19 10:15:41', 5, 1, 8, 1, null);
INSERT INTO Betting_Db.game (id, away_score, finished, home_score, start_time, away_team_id, country_id, home_team_id, league_id, odd_id) VALUES (411, 1, true, 4, '2018-09-19 10:15:41', 25, 1, 31, 2, null);
INSERT INTO Betting_Db.game (id, away_score, finished, home_score, start_time, away_team_id, country_id, home_team_id, league_id, odd_id) VALUES (412, 3, true, 4, '2018-09-19 10:15:41', 30, 1, 31, 2, null);
INSERT INTO Betting_Db.game (id, away_score, finished, home_score, start_time, away_team_id, country_id, home_team_id, league_id, odd_id) VALUES (413, 4, true, 4, '2018-09-19 10:15:41', 32, 1, 26, 2, null);
INSERT INTO Betting_Db.game (id, away_score, finished, home_score, start_time, away_team_id, country_id, home_team_id, league_id, odd_id) VALUES (414, 1, true, 3, '2018-09-19 10:15:41', 32, 1, 25, 2, null);
INSERT INTO Betting_Db.game (id, away_score, finished, home_score, start_time, away_team_id, country_id, home_team_id, league_id, odd_id) VALUES (415, 4, true, 1, '2018-09-19 10:15:41', 6, 1, 9, 1, null);
INSERT INTO Betting_Db.game (id, away_score, finished, home_score, start_time, away_team_id, country_id, home_team_id, league_id, odd_id) VALUES (416, 1, true, 4, '2018-09-19 10:15:41', 4, 1, 3, 1, null);
INSERT INTO Betting_Db.game (id, away_score, finished, home_score, start_time, away_team_id, country_id, home_team_id, league_id, odd_id) VALUES (417, 1, true, 0, '2018-09-19 10:15:41', 3, 1, 4, 1, null);
INSERT INTO Betting_Db.game (id, away_score, finished, home_score, start_time, away_team_id, country_id, home_team_id, league_id, odd_id) VALUES (418, 4, true, 0, '2018-09-19 10:15:41', 35, 1, 29, 2, null);
INSERT INTO Betting_Db.game (id, away_score, finished, home_score, start_time, away_team_id, country_id, home_team_id, league_id, odd_id) VALUES (419, 3, true, 0, '2018-09-19 10:15:41', 31, 1, 29, 2, null);
INSERT INTO Betting_Db.game (id, away_score, finished, home_score, start_time, away_team_id, country_id, home_team_id, league_id, odd_id) VALUES (420, 2, true, 2, '2018-09-19 10:15:41', 35, 1, 26, 2, null);
INSERT INTO Betting_Db.game (id, away_score, finished, home_score, start_time, away_team_id, country_id, home_team_id, league_id, odd_id) VALUES (421, 1, true, 3, '2018-09-19 10:15:41', 4, 1, 1, 1, null);
INSERT INTO Betting_Db.game (id, away_score, finished, home_score, start_time, away_team_id, country_id, home_team_id, league_id, odd_id) VALUES (422, 0, true, 4, '2018-09-19 10:15:41', 36, 1, 49, 3, null);
INSERT INTO Betting_Db.game (id, away_score, finished, home_score, start_time, away_team_id, country_id, home_team_id, league_id, odd_id) VALUES (423, 1, true, 4, '2018-09-19 10:15:41', 5, 1, 9, 1, null);
INSERT INTO Betting_Db.game (id, away_score, finished, home_score, start_time, away_team_id, country_id, home_team_id, league_id, odd_id) VALUES (424, 2, true, 0, '2018-09-19 10:15:41', 7, 1, 2, 1, null);
INSERT INTO Betting_Db.game (id, away_score, finished, home_score, start_time, away_team_id, country_id, home_team_id, league_id, odd_id) VALUES (425, 2, true, 3, '2018-09-19 10:15:41', 25, 1, 27, 2, null);
INSERT INTO Betting_Db.game (id, away_score, finished, home_score, start_time, away_team_id, country_id, home_team_id, league_id, odd_id) VALUES (426, 1, true, 3, '2018-09-19 10:15:41', 33, 1, 31, 2, null);
INSERT INTO Betting_Db.game (id, away_score, finished, home_score, start_time, away_team_id, country_id, home_team_id, league_id, odd_id) VALUES (427, 0, true, 1, '2018-09-19 10:15:41', 34, 1, 32, 2, null);
INSERT INTO Betting_Db.game (id, away_score, finished, home_score, start_time, away_team_id, country_id, home_team_id, league_id, odd_id) VALUES (428, 1, true, 4, '2018-09-19 10:15:41', 47, 1, 40, 3, null);
INSERT INTO Betting_Db.game (id, away_score, finished, home_score, start_time, away_team_id, country_id, home_team_id, league_id, odd_id) VALUES (429, 1, true, 2, '2018-09-19 10:15:41', 31, 1, 33, 2, null);
INSERT INTO Betting_Db.game (id, away_score, finished, home_score, start_time, away_team_id, country_id, home_team_id, league_id, odd_id) VALUES (430, 3, true, 2, '2018-09-19 10:15:41', 41, 1, 40, 3, null);
INSERT INTO Betting_Db.game (id, away_score, finished, home_score, start_time, away_team_id, country_id, home_team_id, league_id, odd_id) VALUES (431, 2, true, 2, '2018-09-19 10:15:41', 47, 1, 42, 3, null);
INSERT INTO Betting_Db.game (id, away_score, finished, home_score, start_time, away_team_id, country_id, home_team_id, league_id, odd_id) VALUES (432, 0, true, 1, '2018-09-19 10:15:41', 2, 1, 3, 1, null);
INSERT INTO Betting_Db.game (id, away_score, finished, home_score, start_time, away_team_id, country_id, home_team_id, league_id, odd_id) VALUES (433, 4, true, 1, '2018-09-19 10:15:41', 26, 1, 32, 2, null);
INSERT INTO Betting_Db.game (id, away_score, finished, home_score, start_time, away_team_id, country_id, home_team_id, league_id, odd_id) VALUES (434, 2, true, 3, '2018-09-19 10:15:41', 30, 1, 32, 2, null);
INSERT INTO Betting_Db.game (id, away_score, finished, home_score, start_time, away_team_id, country_id, home_team_id, league_id, odd_id) VALUES (435, 3, true, 0, '2018-09-19 10:15:41', 30, 1, 31, 2, null);
INSERT INTO Betting_Db.game (id, away_score, finished, home_score, start_time, away_team_id, country_id, home_team_id, league_id, odd_id) VALUES (436, 3, true, 2, '2018-09-19 10:15:41', 40, 1, 45, 3, null);
INSERT INTO Betting_Db.game (id, away_score, finished, home_score, start_time, away_team_id, country_id, home_team_id, league_id, odd_id) VALUES (437, 3, true, 3, '2018-09-19 10:15:41', 8, 1, 5, 1, null);
INSERT INTO Betting_Db.game (id, away_score, finished, home_score, start_time, away_team_id, country_id, home_team_id, league_id, odd_id) VALUES (438, 3, true, 2, '2018-09-19 10:15:41', 10, 1, 4, 1, null);
INSERT INTO Betting_Db.game (id, away_score, finished, home_score, start_time, away_team_id, country_id, home_team_id, league_id, odd_id) VALUES (439, 4, true, 3, '2018-09-19 10:15:41', 26, 1, 33, 2, null);
INSERT INTO Betting_Db.game (id, away_score, finished, home_score, start_time, away_team_id, country_id, home_team_id, league_id, odd_id) VALUES (440, 0, true, 3, '2018-09-19 10:15:41', 32, 1, 31, 2, null);
INSERT INTO Betting_Db.game (id, away_score, finished, home_score, start_time, away_team_id, country_id, home_team_id, league_id, odd_id) VALUES (441, 3, true, 4, '2018-09-19 10:15:41', 26, 1, 30, 2, null);
INSERT INTO Betting_Db.game (id, away_score, finished, home_score, start_time, away_team_id, country_id, home_team_id, league_id, odd_id) VALUES (442, 2, true, 1, '2018-09-19 10:15:41', 35, 1, 25, 2, null);
INSERT INTO Betting_Db.game (id, away_score, finished, home_score, start_time, away_team_id, country_id, home_team_id, league_id, odd_id) VALUES (443, 0, true, 2, '2018-09-19 10:15:41', 6, 1, 8, 1, null);
INSERT INTO Betting_Db.game (id, away_score, finished, home_score, start_time, away_team_id, country_id, home_team_id, league_id, odd_id) VALUES (444, 4, true, 0, '2018-09-19 10:15:41', 40, 1, 38, 3, null);
INSERT INTO Betting_Db.game (id, away_score, finished, home_score, start_time, away_team_id, country_id, home_team_id, league_id, odd_id) VALUES (445, 4, true, 2, '2018-09-19 10:15:41', 10, 1, 3, 1, null);
INSERT INTO Betting_Db.game (id, away_score, finished, home_score, start_time, away_team_id, country_id, home_team_id, league_id, odd_id) VALUES (446, 1, true, 1, '2018-09-19 10:15:41', 33, 1, 29, 2, null);
INSERT INTO Betting_Db.game (id, away_score, finished, home_score, start_time, away_team_id, country_id, home_team_id, league_id, odd_id) VALUES (447, 3, true, 0, '2018-09-19 10:15:41', 25, 1, 29, 2, null);
INSERT INTO Betting_Db.game (id, away_score, finished, home_score, start_time, away_team_id, country_id, home_team_id, league_id, odd_id) VALUES (448, 2, true, 4, '2018-09-19 10:15:41', 3, 1, 10, 1, null);
INSERT INTO Betting_Db.game (id, away_score, finished, home_score, start_time, away_team_id, country_id, home_team_id, league_id, odd_id) VALUES (449, 4, true, 0, '2018-09-19 10:15:41', 27, 1, 28, 2, null);
INSERT INTO Betting_Db.game (id, away_score, finished, home_score, start_time, away_team_id, country_id, home_team_id, league_id, odd_id) VALUES (450, 0, true, 3, '2018-09-19 10:15:41', 4, 1, 6, 1, null);
INSERT INTO Betting_Db.game (id, away_score, finished, home_score, start_time, away_team_id, country_id, home_team_id, league_id, odd_id) VALUES (451, 1, true, 0, '2018-09-19 10:15:41', 6, 1, 8, 1, null);
INSERT INTO Betting_Db.game (id, away_score, finished, home_score, start_time, away_team_id, country_id, home_team_id, league_id, odd_id) VALUES (452, 1, true, 3, '2018-09-19 10:15:41', 8, 1, 1, 1, null);
INSERT INTO Betting_Db.game (id, away_score, finished, home_score, start_time, away_team_id, country_id, home_team_id, league_id, odd_id) VALUES (453, 0, true, 1, '2018-09-19 10:15:41', 35, 1, 33, 2, null);
INSERT INTO Betting_Db.game (id, away_score, finished, home_score, start_time, away_team_id, country_id, home_team_id, league_id, odd_id) VALUES (454, 2, true, 1, '2018-09-19 10:15:41', 45, 1, 50, 3, null);
INSERT INTO Betting_Db.game (id, away_score, finished, home_score, start_time, away_team_id, country_id, home_team_id, league_id, odd_id) VALUES (455, 4, true, 1, '2018-09-19 10:15:41', 27, 1, 30, 2, null);
INSERT INTO Betting_Db.game (id, away_score, finished, home_score, start_time, away_team_id, country_id, home_team_id, league_id, odd_id) VALUES (456, 1, true, 4, '2018-09-19 10:15:41', 43, 1, 46, 3, null);
INSERT INTO Betting_Db.game (id, away_score, finished, home_score, start_time, away_team_id, country_id, home_team_id, league_id, odd_id) VALUES (457, 1, true, 4, '2018-09-19 10:15:41', 8, 1, 3, 1, null);
INSERT INTO Betting_Db.game (id, away_score, finished, home_score, start_time, away_team_id, country_id, home_team_id, league_id, odd_id) VALUES (458, 0, true, 0, '2018-09-19 10:15:41', 32, 1, 29, 2, null);
INSERT INTO Betting_Db.game (id, away_score, finished, home_score, start_time, away_team_id, country_id, home_team_id, league_id, odd_id) VALUES (459, 4, true, 3, '2018-09-19 10:15:41', 46, 1, 44, 3, null);
INSERT INTO Betting_Db.game (id, away_score, finished, home_score, start_time, away_team_id, country_id, home_team_id, league_id, odd_id) VALUES (460, 2, true, 1, '2018-09-19 10:15:41', 38, 1, 36, 3, null);
INSERT INTO Betting_Db.game (id, away_score, finished, home_score, start_time, away_team_id, country_id, home_team_id, league_id, odd_id) VALUES (461, 1, true, 2, '2018-09-19 10:15:41', 2, 1, 8, 1, null);
INSERT INTO Betting_Db.game (id, away_score, finished, home_score, start_time, away_team_id, country_id, home_team_id, league_id, odd_id) VALUES (462, 3, true, 0, '2018-09-19 10:15:41', 3, 1, 9, 1, null);
INSERT INTO Betting_Db.game (id, away_score, finished, home_score, start_time, away_team_id, country_id, home_team_id, league_id, odd_id) VALUES (463, 1, true, 0, '2018-09-19 10:15:41', 33, 1, 26, 2, null);
INSERT INTO Betting_Db.game (id, away_score, finished, home_score, start_time, away_team_id, country_id, home_team_id, league_id, odd_id) VALUES (464, 3, true, 0, '2018-09-19 10:15:41', 9, 1, 3, 1, null);
INSERT INTO Betting_Db.game (id, away_score, finished, home_score, start_time, away_team_id, country_id, home_team_id, league_id, odd_id) VALUES (465, 1, true, 4, '2018-09-19 10:15:41', 10, 1, 2, 1, null);
INSERT INTO Betting_Db.game (id, away_score, finished, home_score, start_time, away_team_id, country_id, home_team_id, league_id, odd_id) VALUES (466, 4, true, 0, '2018-09-19 10:15:41', 29, 1, 31, 2, null);
INSERT INTO Betting_Db.game (id, away_score, finished, home_score, start_time, away_team_id, country_id, home_team_id, league_id, odd_id) VALUES (467, 4, true, 1, '2018-09-19 10:15:42', 4, 1, 1, 1, null);
INSERT INTO Betting_Db.game (id, away_score, finished, home_score, start_time, away_team_id, country_id, home_team_id, league_id, odd_id) VALUES (468, 1, true, 2, '2018-09-19 10:15:42', 4, 1, 1, 1, null);
INSERT INTO Betting_Db.game (id, away_score, finished, home_score, start_time, away_team_id, country_id, home_team_id, league_id, odd_id) VALUES (469, 3, true, 0, '2018-09-19 10:15:42', 8, 1, 9, 1, null);
INSERT INTO Betting_Db.game (id, away_score, finished, home_score, start_time, away_team_id, country_id, home_team_id, league_id, odd_id) VALUES (470, 2, true, 2, '2018-09-19 10:15:42', 27, 1, 34, 2, null);
INSERT INTO Betting_Db.game (id, away_score, finished, home_score, start_time, away_team_id, country_id, home_team_id, league_id, odd_id) VALUES (471, 4, true, 2, '2018-09-19 10:15:42', 47, 1, 39, 3, null);
INSERT INTO Betting_Db.game (id, away_score, finished, home_score, start_time, away_team_id, country_id, home_team_id, league_id, odd_id) VALUES (472, 1, true, 3, '2018-09-19 10:15:42', 38, 1, 41, 3, null);
INSERT INTO Betting_Db.game (id, away_score, finished, home_score, start_time, away_team_id, country_id, home_team_id, league_id, odd_id) VALUES (473, 2, true, 2, '2018-09-19 10:15:42', 32, 1, 26, 2, null);
INSERT INTO Betting_Db.game (id, away_score, finished, home_score, start_time, away_team_id, country_id, home_team_id, league_id, odd_id) VALUES (474, 2, true, 0, '2018-09-19 10:15:42', 10, 1, 7, 1, null);
INSERT INTO Betting_Db.game (id, away_score, finished, home_score, start_time, away_team_id, country_id, home_team_id, league_id, odd_id) VALUES (475, 3, true, 1, '2018-09-19 10:15:42', 49, 1, 39, 3, null);
INSERT INTO Betting_Db.game (id, away_score, finished, home_score, start_time, away_team_id, country_id, home_team_id, league_id, odd_id) VALUES (476, 3, true, 0, '2018-09-19 10:15:42', 6, 1, 4, 1, null);
INSERT INTO Betting_Db.game (id, away_score, finished, home_score, start_time, away_team_id, country_id, home_team_id, league_id, odd_id) VALUES (477, 4, true, 0, '2018-09-19 10:15:42', 32, 1, 28, 2, null);
INSERT INTO Betting_Db.game (id, away_score, finished, home_score, start_time, away_team_id, country_id, home_team_id, league_id, odd_id) VALUES (478, 4, true, 2, '2018-09-19 10:15:42', 35, 1, 29, 2, null);
INSERT INTO Betting_Db.game (id, away_score, finished, home_score, start_time, away_team_id, country_id, home_team_id, league_id, odd_id) VALUES (479, 4, true, 0, '2018-09-19 10:15:42', 47, 1, 41, 3, null);
INSERT INTO Betting_Db.game (id, away_score, finished, home_score, start_time, away_team_id, country_id, home_team_id, league_id, odd_id) VALUES (480, 4, true, 0, '2018-09-19 10:15:42', 47, 1, 42, 3, null);
INSERT INTO Betting_Db.game (id, away_score, finished, home_score, start_time, away_team_id, country_id, home_team_id, league_id, odd_id) VALUES (481, 0, true, 1, '2018-09-19 10:15:42', 27, 1, 31, 2, null);
INSERT INTO Betting_Db.game (id, away_score, finished, home_score, start_time, away_team_id, country_id, home_team_id, league_id, odd_id) VALUES (482, 3, true, 4, '2018-09-19 10:15:42', 49, 1, 38, 3, null);
INSERT INTO Betting_Db.game (id, away_score, finished, home_score, start_time, away_team_id, country_id, home_team_id, league_id, odd_id) VALUES (483, 1, true, 0, '2018-09-19 10:15:42', 8, 1, 7, 1, null);
INSERT INTO Betting_Db.game (id, away_score, finished, home_score, start_time, away_team_id, country_id, home_team_id, league_id, odd_id) VALUES (484, 1, true, 4, '2018-09-19 10:15:42', 39, 1, 41, 3, null);
INSERT INTO Betting_Db.game (id, away_score, finished, home_score, start_time, away_team_id, country_id, home_team_id, league_id, odd_id) VALUES (485, 3, true, 3, '2018-09-19 10:15:42', 46, 1, 43, 3, null);
INSERT INTO Betting_Db.game (id, away_score, finished, home_score, start_time, away_team_id, country_id, home_team_id, league_id, odd_id) VALUES (486, 3, true, 2, '2018-09-19 10:15:42', 26, 1, 30, 2, null);
INSERT INTO Betting_Db.game (id, away_score, finished, home_score, start_time, away_team_id, country_id, home_team_id, league_id, odd_id) VALUES (487, 3, true, 1, '2018-09-19 10:15:42', 3, 1, 4, 1, null);
INSERT INTO Betting_Db.game (id, away_score, finished, home_score, start_time, away_team_id, country_id, home_team_id, league_id, odd_id) VALUES (488, 2, true, 2, '2018-09-19 10:15:42', 30, 1, 31, 2, null);
INSERT INTO Betting_Db.game (id, away_score, finished, home_score, start_time, away_team_id, country_id, home_team_id, league_id, odd_id) VALUES (489, 3, true, 2, '2018-09-19 10:15:42', 29, 1, 32, 2, null);
INSERT INTO Betting_Db.game (id, away_score, finished, home_score, start_time, away_team_id, country_id, home_team_id, league_id, odd_id) VALUES (490, 1, true, 4, '2018-09-19 10:15:42', 36, 1, 43, 3, null);
INSERT INTO Betting_Db.game (id, away_score, finished, home_score, start_time, away_team_id, country_id, home_team_id, league_id, odd_id) VALUES (491, 2, true, 1, '2018-09-19 10:15:42', 37, 1, 50, 3, null);
INSERT INTO Betting_Db.game (id, away_score, finished, home_score, start_time, away_team_id, country_id, home_team_id, league_id, odd_id) VALUES (492, 3, true, 2, '2018-09-19 10:15:42', 47, 1, 43, 3, null);
INSERT INTO Betting_Db.game (id, away_score, finished, home_score, start_time, away_team_id, country_id, home_team_id, league_id, odd_id) VALUES (493, 3, true, 3, '2018-09-19 10:15:42', 42, 1, 50, 3, null);
INSERT INTO Betting_Db.game (id, away_score, finished, home_score, start_time, away_team_id, country_id, home_team_id, league_id, odd_id) VALUES (494, 2, true, 3, '2018-09-19 10:15:42', 9, 1, 7, 1, null);
INSERT INTO Betting_Db.game (id, away_score, finished, home_score, start_time, away_team_id, country_id, home_team_id, league_id, odd_id) VALUES (495, 1, true, 1, '2018-09-19 10:15:42', 3, 1, 1, 1, null);
INSERT INTO Betting_Db.game (id, away_score, finished, home_score, start_time, away_team_id, country_id, home_team_id, league_id, odd_id) VALUES (496, 4, true, 1, '2018-09-19 10:15:42', 25, 1, 29, 2, null);
INSERT INTO Betting_Db.game (id, away_score, finished, home_score, start_time, away_team_id, country_id, home_team_id, league_id, odd_id) VALUES (497, 4, true, 4, '2018-09-19 10:15:42', 38, 1, 40, 3, null);
INSERT INTO Betting_Db.game (id, away_score, finished, home_score, start_time, away_team_id, country_id, home_team_id, league_id, odd_id) VALUES (498, 0, true, 0, '2018-09-19 10:15:42', 50, 1, 44, 3, null);
INSERT INTO Betting_Db.game (id, away_score, finished, home_score, start_time, away_team_id, country_id, home_team_id, league_id, odd_id) VALUES (499, 0, true, 1, '2018-09-19 10:15:42', 31, 1, 30, 2, null);
INSERT INTO Betting_Db.game (id, away_score, finished, home_score, start_time, away_team_id, country_id, home_team_id, league_id, odd_id) VALUES (500, 0, true, 1, '2018-09-19 10:15:42', 3, 1, 5, 1, null);
INSERT INTO Betting_Db.game (id, away_score, finished, home_score, start_time, away_team_id, country_id, home_team_id, league_id, odd_id) VALUES (501, 1, true, 3, '2018-09-19 10:15:42', 7, 1, 5, 1, null);
INSERT INTO Betting_Db.game (id, away_score, finished, home_score, start_time, away_team_id, country_id, home_team_id, league_id, odd_id) VALUES (502, 4, true, 0, '2018-09-19 10:15:42', 2, 1, 3, 1, null);
INSERT INTO Betting_Db.game (id, away_score, finished, home_score, start_time, away_team_id, country_id, home_team_id, league_id, odd_id) VALUES (503, 4, true, 2, '2018-09-19 10:15:42', 3, 1, 9, 1, null);
INSERT INTO Betting_Db.game (id, away_score, finished, home_score, start_time, away_team_id, country_id, home_team_id, league_id, odd_id) VALUES (504, 0, true, 1, '2018-09-19 10:15:42', 1, 1, 9, 1, null);
INSERT INTO Betting_Db.game (id, away_score, finished, home_score, start_time, away_team_id, country_id, home_team_id, league_id, odd_id) VALUES (505, 1, true, 3, '2018-09-19 10:15:42', 41, 1, 42, 3, null);
INSERT INTO Betting_Db.game (id, away_score, finished, home_score, start_time, away_team_id, country_id, home_team_id, league_id, odd_id) VALUES (506, 3, true, 1, '2018-09-19 10:15:42', 8, 1, 6, 1, null);
INSERT INTO Betting_Db.game (id, away_score, finished, home_score, start_time, away_team_id, country_id, home_team_id, league_id, odd_id) VALUES (507, 0, true, 4, '2018-09-19 10:15:42', 29, 1, 27, 2, null);
INSERT INTO Betting_Db.game (id, away_score, finished, home_score, start_time, away_team_id, country_id, home_team_id, league_id, odd_id) VALUES (508, 2, true, 2, '2018-09-19 10:15:42', 9, 1, 6, 1, null);
INSERT INTO Betting_Db.game (id, away_score, finished, home_score, start_time, away_team_id, country_id, home_team_id, league_id, odd_id) VALUES (509, 3, true, 2, '2018-09-19 10:15:42', 25, 1, 34, 2, null);
INSERT INTO Betting_Db.game (id, away_score, finished, home_score, start_time, away_team_id, country_id, home_team_id, league_id, odd_id) VALUES (510, 0, true, 3, '2018-09-19 10:15:42', 47, 1, 46, 3, null);
INSERT INTO Betting_Db.game (id, away_score, finished, home_score, start_time, away_team_id, country_id, home_team_id, league_id, odd_id) VALUES (511, 3, true, 1, '2018-09-19 10:15:42', 37, 1, 48, 3, null);
INSERT INTO Betting_Db.game (id, away_score, finished, home_score, start_time, away_team_id, country_id, home_team_id, league_id, odd_id) VALUES (512, 4, true, 0, '2018-09-19 10:15:42', 44, 1, 46, 3, null);
INSERT INTO Betting_Db.game (id, away_score, finished, home_score, start_time, away_team_id, country_id, home_team_id, league_id, odd_id) VALUES (513, 0, true, 2, '2018-09-19 10:15:42', 50, 1, 49, 3, null);
INSERT INTO Betting_Db.game (id, away_score, finished, home_score, start_time, away_team_id, country_id, home_team_id, league_id, odd_id) VALUES (514, 1, true, 1, '2018-09-19 10:15:42', 35, 1, 27, 2, null);
INSERT INTO Betting_Db.game (id, away_score, finished, home_score, start_time, away_team_id, country_id, home_team_id, league_id, odd_id) VALUES (515, 4, true, 4, '2018-09-19 10:15:42', 29, 1, 33, 2, null);
INSERT INTO Betting_Db.game (id, away_score, finished, home_score, start_time, away_team_id, country_id, home_team_id, league_id, odd_id) VALUES (516, 2, true, 0, '2018-09-19 10:15:42', 31, 1, 30, 2, null);
INSERT INTO Betting_Db.game (id, away_score, finished, home_score, start_time, away_team_id, country_id, home_team_id, league_id, odd_id) VALUES (517, 4, true, 0, '2018-09-19 10:15:42', 43, 1, 45, 3, null);
INSERT INTO Betting_Db.game (id, away_score, finished, home_score, start_time, away_team_id, country_id, home_team_id, league_id, odd_id) VALUES (518, 4, true, 2, '2018-09-19 10:15:42', 10, 1, 8, 1, null);
INSERT INTO Betting_Db.game (id, away_score, finished, home_score, start_time, away_team_id, country_id, home_team_id, league_id, odd_id) VALUES (519, 1, true, 0, '2018-09-19 10:15:42', 49, 1, 43, 3, null);
INSERT INTO Betting_Db.game (id, away_score, finished, home_score, start_time, away_team_id, country_id, home_team_id, league_id, odd_id) VALUES (520, 1, true, 1, '2018-09-19 10:15:42', 27, 1, 34, 2, null);
INSERT INTO Betting_Db.game (id, away_score, finished, home_score, start_time, away_team_id, country_id, home_team_id, league_id, odd_id) VALUES (521, 1, true, 1, '2018-09-19 10:15:42', 27, 1, 32, 2, null);
INSERT INTO Betting_Db.game (id, away_score, finished, home_score, start_time, away_team_id, country_id, home_team_id, league_id, odd_id) VALUES (522, 0, true, 0, '2018-09-19 10:15:42', 10, 1, 8, 1, null);
INSERT INTO Betting_Db.game (id, away_score, finished, home_score, start_time, away_team_id, country_id, home_team_id, league_id, odd_id) VALUES (523, 4, true, 1, '2018-09-19 10:15:42', 35, 1, 28, 2, null);
INSERT INTO Betting_Db.game (id, away_score, finished, home_score, start_time, away_team_id, country_id, home_team_id, league_id, odd_id) VALUES (524, 1, true, 1, '2018-09-19 10:15:42', 27, 1, 26, 2, null);
INSERT INTO Betting_Db.game (id, away_score, finished, home_score, start_time, away_team_id, country_id, home_team_id, league_id, odd_id) VALUES (525, 0, true, 1, '2018-09-19 10:15:42', 26, 1, 25, 2, null);
INSERT INTO Betting_Db.game (id, away_score, finished, home_score, start_time, away_team_id, country_id, home_team_id, league_id, odd_id) VALUES (526, 0, true, 0, '2018-09-19 10:15:42', 2, 1, 10, 1, null);
INSERT INTO Betting_Db.game (id, away_score, finished, home_score, start_time, away_team_id, country_id, home_team_id, league_id, odd_id) VALUES (527, 1, true, 3, '2018-09-19 10:15:42', 44, 1, 47, 3, null);
INSERT INTO Betting_Db.game (id, away_score, finished, home_score, start_time, away_team_id, country_id, home_team_id, league_id, odd_id) VALUES (528, 4, true, 4, '2018-09-19 10:15:42', 35, 1, 27, 2, null);
INSERT INTO Betting_Db.game (id, away_score, finished, home_score, start_time, away_team_id, country_id, home_team_id, league_id, odd_id) VALUES (529, 0, true, 4, '2018-09-19 10:15:42', 47, 1, 40, 3, null);
INSERT INTO Betting_Db.game (id, away_score, finished, home_score, start_time, away_team_id, country_id, home_team_id, league_id, odd_id) VALUES (530, 0, true, 0, '2018-09-19 10:15:42', 7, 1, 6, 1, null);
INSERT INTO Betting_Db.game (id, away_score, finished, home_score, start_time, away_team_id, country_id, home_team_id, league_id, odd_id) VALUES (531, 1, true, 0, '2018-09-19 10:15:42', 46, 1, 39, 3, null);
INSERT INTO Betting_Db.game (id, away_score, finished, home_score, start_time, away_team_id, country_id, home_team_id, league_id, odd_id) VALUES (532, 1, true, 2, '2018-09-19 10:15:42', 44, 1, 48, 3, null);
INSERT INTO Betting_Db.game (id, away_score, finished, home_score, start_time, away_team_id, country_id, home_team_id, league_id, odd_id) VALUES (533, 0, true, 0, '2018-09-19 10:15:42', 27, 1, 34, 2, null);
INSERT INTO Betting_Db.game (id, away_score, finished, home_score, start_time, away_team_id, country_id, home_team_id, league_id, odd_id) VALUES (534, 3, true, 0, '2018-09-19 10:15:42', 47, 1, 36, 3, null);
INSERT INTO Betting_Db.game (id, away_score, finished, home_score, start_time, away_team_id, country_id, home_team_id, league_id, odd_id) VALUES (535, 1, true, 1, '2018-09-19 10:15:42', 34, 1, 25, 2, null);
INSERT INTO Betting_Db.game (id, away_score, finished, home_score, start_time, away_team_id, country_id, home_team_id, league_id, odd_id) VALUES (536, 4, true, 1, '2018-09-19 10:15:42', 29, 1, 34, 2, null);
INSERT INTO Betting_Db.game (id, away_score, finished, home_score, start_time, away_team_id, country_id, home_team_id, league_id, odd_id) VALUES (537, 2, true, 3, '2018-09-19 10:15:42', 7, 1, 2, 1, null);
INSERT INTO Betting_Db.game (id, away_score, finished, home_score, start_time, away_team_id, country_id, home_team_id, league_id, odd_id) VALUES (538, 1, true, 4, '2018-09-19 10:15:42', 35, 1, 27, 2, null);
INSERT INTO Betting_Db.game (id, away_score, finished, home_score, start_time, away_team_id, country_id, home_team_id, league_id, odd_id) VALUES (539, 3, true, 3, '2018-09-19 10:15:42', 27, 1, 25, 2, null);
INSERT INTO Betting_Db.game (id, away_score, finished, home_score, start_time, away_team_id, country_id, home_team_id, league_id, odd_id) VALUES (540, 4, true, 3, '2018-09-19 10:15:42', 28, 1, 26, 2, null);
INSERT INTO Betting_Db.game (id, away_score, finished, home_score, start_time, away_team_id, country_id, home_team_id, league_id, odd_id) VALUES (541, 0, true, 4, '2018-09-19 10:15:42', 35, 1, 31, 2, null);
INSERT INTO Betting_Db.game (id, away_score, finished, home_score, start_time, away_team_id, country_id, home_team_id, league_id, odd_id) VALUES (542, 1, true, 4, '2018-09-19 10:15:42', 9, 1, 8, 1, null);
INSERT INTO Betting_Db.game (id, away_score, finished, home_score, start_time, away_team_id, country_id, home_team_id, league_id, odd_id) VALUES (543, 3, true, 1, '2018-09-19 10:15:42', 3, 1, 4, 1, null);
INSERT INTO Betting_Db.game (id, away_score, finished, home_score, start_time, away_team_id, country_id, home_team_id, league_id, odd_id) VALUES (544, 3, true, 1, '2018-09-19 10:15:42', 6, 1, 9, 1, null);
INSERT INTO Betting_Db.game (id, away_score, finished, home_score, start_time, away_team_id, country_id, home_team_id, league_id, odd_id) VALUES (545, 1, true, 0, '2018-09-19 10:15:42', 48, 1, 50, 3, null);
INSERT INTO Betting_Db.game (id, away_score, finished, home_score, start_time, away_team_id, country_id, home_team_id, league_id, odd_id) VALUES (546, 1, true, 3, '2018-09-19 10:15:42', 5, 1, 1, 1, null);
INSERT INTO Betting_Db.game (id, away_score, finished, home_score, start_time, away_team_id, country_id, home_team_id, league_id, odd_id) VALUES (547, 4, true, 2, '2018-09-19 10:15:42', 3, 1, 7, 1, null);
INSERT INTO Betting_Db.game (id, away_score, finished, home_score, start_time, away_team_id, country_id, home_team_id, league_id, odd_id) VALUES (548, 0, true, 0, '2018-09-19 10:15:42', 31, 1, 34, 2, null);
INSERT INTO Betting_Db.game (id, away_score, finished, home_score, start_time, away_team_id, country_id, home_team_id, league_id, odd_id) VALUES (549, 2, true, 1, '2018-09-19 10:15:42', 47, 1, 39, 3, null);
INSERT INTO Betting_Db.game (id, away_score, finished, home_score, start_time, away_team_id, country_id, home_team_id, league_id, odd_id) VALUES (550, 3, true, 2, '2018-09-19 10:15:42', 36, 1, 50, 3, null);
INSERT INTO Betting_Db.game (id, away_score, finished, home_score, start_time, away_team_id, country_id, home_team_id, league_id, odd_id) VALUES (551, 0, true, 0, '2018-09-19 10:15:42', 38, 1, 43, 3, null);
INSERT INTO Betting_Db.game (id, away_score, finished, home_score, start_time, away_team_id, country_id, home_team_id, league_id, odd_id) VALUES (552, 4, true, 0, '2018-09-19 10:15:42', 7, 1, 5, 1, null);
INSERT INTO Betting_Db.game (id, away_score, finished, home_score, start_time, away_team_id, country_id, home_team_id, league_id, odd_id) VALUES (553, 2, true, 4, '2018-09-19 10:15:42', 2, 1, 6, 1, null);
INSERT INTO Betting_Db.game (id, away_score, finished, home_score, start_time, away_team_id, country_id, home_team_id, league_id, odd_id) VALUES (554, 0, true, 4, '2018-09-19 10:15:42', 31, 1, 34, 2, null);
INSERT INTO Betting_Db.game (id, away_score, finished, home_score, start_time, away_team_id, country_id, home_team_id, league_id, odd_id) VALUES (555, 3, true, 3, '2018-09-19 10:15:42', 32, 1, 35, 2, null);
INSERT INTO Betting_Db.game (id, away_score, finished, home_score, start_time, away_team_id, country_id, home_team_id, league_id, odd_id) VALUES (556, 2, true, 4, '2018-09-19 10:15:42', 31, 1, 29, 2, null);
INSERT INTO Betting_Db.game (id, away_score, finished, home_score, start_time, away_team_id, country_id, home_team_id, league_id, odd_id) VALUES (557, 2, true, 3, '2018-09-19 10:15:42', 26, 1, 30, 2, null);
INSERT INTO Betting_Db.game (id, away_score, finished, home_score, start_time, away_team_id, country_id, home_team_id, league_id, odd_id) VALUES (558, 0, true, 2, '2018-09-19 10:15:42', 46, 1, 38, 3, null);
INSERT INTO Betting_Db.game (id, away_score, finished, home_score, start_time, away_team_id, country_id, home_team_id, league_id, odd_id) VALUES (559, 3, true, 0, '2018-09-19 10:15:42', 30, 1, 25, 2, null);
INSERT INTO Betting_Db.game (id, away_score, finished, home_score, start_time, away_team_id, country_id, home_team_id, league_id, odd_id) VALUES (560, 4, true, 2, '2018-09-19 10:15:42', 26, 1, 27, 2, null);
INSERT INTO Betting_Db.game (id, away_score, finished, home_score, start_time, away_team_id, country_id, home_team_id, league_id, odd_id) VALUES (561, 1, true, 0, '2018-09-19 10:15:42', 7, 1, 1, 1, null);
INSERT INTO Betting_Db.game (id, away_score, finished, home_score, start_time, away_team_id, country_id, home_team_id, league_id, odd_id) VALUES (562, 1, true, 2, '2018-09-19 10:15:42', 28, 1, 26, 2, null);
INSERT INTO Betting_Db.game (id, away_score, finished, home_score, start_time, away_team_id, country_id, home_team_id, league_id, odd_id) VALUES (563, 4, true, 2, '2018-09-19 10:15:42', 8, 1, 6, 1, null);
INSERT INTO Betting_Db.game (id, away_score, finished, home_score, start_time, away_team_id, country_id, home_team_id, league_id, odd_id) VALUES (564, 4, true, 1, '2018-09-19 10:15:42', 4, 1, 6, 1, null);
INSERT INTO Betting_Db.game (id, away_score, finished, home_score, start_time, away_team_id, country_id, home_team_id, league_id, odd_id) VALUES (565, 1, true, 3, '2018-09-19 10:15:42', 2, 1, 10, 1, null);
INSERT INTO Betting_Db.game (id, away_score, finished, home_score, start_time, away_team_id, country_id, home_team_id, league_id, odd_id) VALUES (566, 0, true, 3, '2018-09-19 10:15:42', 32, 1, 27, 2, null);
INSERT INTO Betting_Db.game (id, away_score, finished, home_score, start_time, away_team_id, country_id, home_team_id, league_id, odd_id) VALUES (567, 0, true, 0, '2018-09-19 10:15:42', 33, 1, 25, 2, null);
INSERT INTO Betting_Db.game (id, away_score, finished, home_score, start_time, away_team_id, country_id, home_team_id, league_id, odd_id) VALUES (568, 1, true, 0, '2018-09-19 10:15:42', 33, 1, 28, 2, null);
INSERT INTO Betting_Db.game (id, away_score, finished, home_score, start_time, away_team_id, country_id, home_team_id, league_id, odd_id) VALUES (569, 2, true, 4, '2018-09-19 10:15:42', 6, 1, 1, 1, null);
INSERT INTO Betting_Db.game (id, away_score, finished, home_score, start_time, away_team_id, country_id, home_team_id, league_id, odd_id) VALUES (570, 3, true, 2, '2018-09-19 10:15:42', 49, 1, 42, 3, null);
INSERT INTO Betting_Db.game (id, away_score, finished, home_score, start_time, away_team_id, country_id, home_team_id, league_id, odd_id) VALUES (571, 1, true, 0, '2018-09-19 10:15:42', 47, 1, 42, 3, null);
INSERT INTO Betting_Db.game (id, away_score, finished, home_score, start_time, away_team_id, country_id, home_team_id, league_id, odd_id) VALUES (572, 3, true, 0, '2018-09-19 10:15:42', 45, 1, 47, 3, null);
INSERT INTO Betting_Db.game (id, away_score, finished, home_score, start_time, away_team_id, country_id, home_team_id, league_id, odd_id) VALUES (573, 0, true, 2, '2018-09-19 10:15:42', 6, 1, 9, 1, null);
INSERT INTO Betting_Db.game (id, away_score, finished, home_score, start_time, away_team_id, country_id, home_team_id, league_id, odd_id) VALUES (574, 2, true, 4, '2018-09-19 10:15:42', 32, 1, 28, 2, null);
INSERT INTO Betting_Db.game (id, away_score, finished, home_score, start_time, away_team_id, country_id, home_team_id, league_id, odd_id) VALUES (575, 0, true, 0, '2018-09-19 10:15:42', 49, 1, 36, 3, null);
INSERT INTO Betting_Db.game (id, away_score, finished, home_score, start_time, away_team_id, country_id, home_team_id, league_id, odd_id) VALUES (576, 0, true, 4, '2018-09-19 10:15:42', 39, 1, 42, 3, null);
INSERT INTO Betting_Db.game (id, away_score, finished, home_score, start_time, away_team_id, country_id, home_team_id, league_id, odd_id) VALUES (577, 2, true, 4, '2018-09-19 10:15:42', 10, 1, 9, 1, null);
INSERT INTO Betting_Db.game (id, away_score, finished, home_score, start_time, away_team_id, country_id, home_team_id, league_id, odd_id) VALUES (578, 1, true, 0, '2018-09-19 10:15:42', 39, 1, 43, 3, null);
INSERT INTO Betting_Db.game (id, away_score, finished, home_score, start_time, away_team_id, country_id, home_team_id, league_id, odd_id) VALUES (579, 2, true, 4, '2018-09-19 10:15:42', 50, 1, 49, 3, null);
INSERT INTO Betting_Db.game (id, away_score, finished, home_score, start_time, away_team_id, country_id, home_team_id, league_id, odd_id) VALUES (580, 0, true, 0, '2018-09-19 10:15:42', 8, 1, 5, 1, null);
INSERT INTO Betting_Db.game (id, away_score, finished, home_score, start_time, away_team_id, country_id, home_team_id, league_id, odd_id) VALUES (581, 0, true, 4, '2018-09-19 10:15:42', 4, 1, 9, 1, null);
INSERT INTO Betting_Db.game (id, away_score, finished, home_score, start_time, away_team_id, country_id, home_team_id, league_id, odd_id) VALUES (582, 2, true, 1, '2018-09-19 10:15:42', 2, 1, 3, 1, null);
INSERT INTO Betting_Db.game (id, away_score, finished, home_score, start_time, away_team_id, country_id, home_team_id, league_id, odd_id) VALUES (583, 1, true, 2, '2018-09-19 10:15:42', 7, 1, 8, 1, null);
INSERT INTO Betting_Db.game (id, away_score, finished, home_score, start_time, away_team_id, country_id, home_team_id, league_id, odd_id) VALUES (584, 4, true, 2, '2018-09-19 10:15:42', 7, 1, 6, 1, null);
INSERT INTO Betting_Db.game (id, away_score, finished, home_score, start_time, away_team_id, country_id, home_team_id, league_id, odd_id) VALUES (585, 3, true, 2, '2018-09-19 10:15:42', 9, 1, 5, 1, null);
INSERT INTO Betting_Db.game (id, away_score, finished, home_score, start_time, away_team_id, country_id, home_team_id, league_id, odd_id) VALUES (586, 2, true, 0, '2018-09-19 10:15:42', 4, 1, 6, 1, null);
INSERT INTO Betting_Db.game (id, away_score, finished, home_score, start_time, away_team_id, country_id, home_team_id, league_id, odd_id) VALUES (587, 4, true, 0, '2018-09-19 10:15:42', 40, 1, 50, 3, null);
INSERT INTO Betting_Db.game (id, away_score, finished, home_score, start_time, away_team_id, country_id, home_team_id, league_id, odd_id) VALUES (588, 3, true, 4, '2018-09-19 10:15:42', 2, 1, 9, 1, null);
INSERT INTO Betting_Db.game (id, away_score, finished, home_score, start_time, away_team_id, country_id, home_team_id, league_id, odd_id) VALUES (589, 4, true, 4, '2018-09-19 10:15:42', 4, 1, 10, 1, null);
INSERT INTO Betting_Db.game (id, away_score, finished, home_score, start_time, away_team_id, country_id, home_team_id, league_id, odd_id) VALUES (590, 2, true, 1, '2018-09-19 10:15:42', 44, 1, 46, 3, null);
INSERT INTO Betting_Db.game (id, away_score, finished, home_score, start_time, away_team_id, country_id, home_team_id, league_id, odd_id) VALUES (591, 2, true, 1, '2018-09-19 10:15:42', 5, 1, 4, 1, null);
INSERT INTO Betting_Db.game (id, away_score, finished, home_score, start_time, away_team_id, country_id, home_team_id, league_id, odd_id) VALUES (592, 1, true, 2, '2018-09-19 10:15:42', 2, 1, 10, 1, null);
INSERT INTO Betting_Db.game (id, away_score, finished, home_score, start_time, away_team_id, country_id, home_team_id, league_id, odd_id) VALUES (593, 2, true, 2, '2018-09-19 10:15:42', 43, 1, 44, 3, null);
INSERT INTO Betting_Db.game (id, away_score, finished, home_score, start_time, away_team_id, country_id, home_team_id, league_id, odd_id) VALUES (594, 2, true, 3, '2018-09-19 10:15:42', 32, 1, 33, 2, null);
INSERT INTO Betting_Db.game (id, away_score, finished, home_score, start_time, away_team_id, country_id, home_team_id, league_id, odd_id) VALUES (595, 0, true, 0, '2018-09-19 10:15:42', 2, 1, 3, 1, null);
INSERT INTO Betting_Db.game (id, away_score, finished, home_score, start_time, away_team_id, country_id, home_team_id, league_id, odd_id) VALUES (596, 4, true, 1, '2018-09-19 10:15:42', 37, 1, 45, 3, null);
INSERT INTO Betting_Db.game (id, away_score, finished, home_score, start_time, away_team_id, country_id, home_team_id, league_id, odd_id) VALUES (597, 2, true, 1, '2018-09-19 10:15:42', 3, 1, 6, 1, null);
INSERT INTO Betting_Db.game (id, away_score, finished, home_score, start_time, away_team_id, country_id, home_team_id, league_id, odd_id) VALUES (598, 3, true, 4, '2018-09-19 10:15:42', 1, 1, 10, 1, null);
INSERT INTO Betting_Db.game (id, away_score, finished, home_score, start_time, away_team_id, country_id, home_team_id, league_id, odd_id) VALUES (599, 2, true, 4, '2018-09-19 10:15:42', 32, 1, 27, 2, null);
INSERT INTO Betting_Db.game (id, away_score, finished, home_score, start_time, away_team_id, country_id, home_team_id, league_id, odd_id) VALUES (600, 4, true, 3, '2018-09-19 10:15:42', 7, 1, 4, 1, null);
INSERT INTO Betting_Db.game (id, away_score, finished, home_score, start_time, away_team_id, country_id, home_team_id, league_id, odd_id) VALUES (601, 0, true, 1, '2018-09-19 10:15:42', 36, 1, 40, 3, null);
INSERT INTO Betting_Db.game (id, away_score, finished, home_score, start_time, away_team_id, country_id, home_team_id, league_id, odd_id) VALUES (602, 1, true, 2, '2018-09-19 10:15:42', 5, 1, 9, 1, null);
INSERT INTO Betting_Db.game (id, away_score, finished, home_score, start_time, away_team_id, country_id, home_team_id, league_id, odd_id) VALUES (603, 0, true, 0, '2018-09-19 10:15:42', 41, 1, 45, 3, null);
INSERT INTO Betting_Db.game (id, away_score, finished, home_score, start_time, away_team_id, country_id, home_team_id, league_id, odd_id) VALUES (604, 0, true, 2, '2018-09-19 10:15:42', 47, 1, 44, 3, null);
INSERT INTO Betting_Db.game (id, away_score, finished, home_score, start_time, away_team_id, country_id, home_team_id, league_id, odd_id) VALUES (605, 3, true, 4, '2018-09-19 10:15:42', 9, 1, 2, 1, null);
INSERT INTO Betting_Db.game (id, away_score, finished, home_score, start_time, away_team_id, country_id, home_team_id, league_id, odd_id) VALUES (606, 2, true, 1, '2018-09-19 10:15:42', 31, 1, 30, 2, null);
INSERT INTO Betting_Db.game (id, away_score, finished, home_score, start_time, away_team_id, country_id, home_team_id, league_id, odd_id) VALUES (607, 1, true, 3, '2018-09-19 10:15:42', 8, 1, 9, 1, null);
INSERT INTO Betting_Db.game (id, away_score, finished, home_score, start_time, away_team_id, country_id, home_team_id, league_id, odd_id) VALUES (608, 4, true, 1, '2018-09-19 10:15:42', 49, 1, 45, 3, null);
INSERT INTO Betting_Db.game (id, away_score, finished, home_score, start_time, away_team_id, country_id, home_team_id, league_id, odd_id) VALUES (609, 0, true, 1, '2018-09-19 10:15:42', 8, 1, 3, 1, null);
INSERT INTO Betting_Db.game (id, away_score, finished, home_score, start_time, away_team_id, country_id, home_team_id, league_id, odd_id) VALUES (610, 2, true, 3, '2018-09-19 10:15:42', 31, 1, 35, 2, null);
INSERT INTO Betting_Db.game (id, away_score, finished, home_score, start_time, away_team_id, country_id, home_team_id, league_id, odd_id) VALUES (611, 1, true, 2, '2018-09-19 10:15:42', 40, 1, 50, 3, null);
INSERT INTO Betting_Db.game (id, away_score, finished, home_score, start_time, away_team_id, country_id, home_team_id, league_id, odd_id) VALUES (612, 0, true, 1, '2018-09-19 10:15:42', 26, 1, 31, 2, null);
INSERT INTO Betting_Db.game (id, away_score, finished, home_score, start_time, away_team_id, country_id, home_team_id, league_id, odd_id) VALUES (613, 1, true, 4, '2018-09-19 10:15:42', 9, 1, 1, 1, null);
INSERT INTO Betting_Db.game (id, away_score, finished, home_score, start_time, away_team_id, country_id, home_team_id, league_id, odd_id) VALUES (614, 2, true, 2, '2018-09-19 10:15:42', 42, 1, 44, 3, null);
INSERT INTO Betting_Db.game (id, away_score, finished, home_score, start_time, away_team_id, country_id, home_team_id, league_id, odd_id) VALUES (615, 0, true, 2, '2018-09-19 10:15:42', 34, 1, 32, 2, null);
INSERT INTO Betting_Db.game (id, away_score, finished, home_score, start_time, away_team_id, country_id, home_team_id, league_id, odd_id) VALUES (616, 3, true, 1, '2018-09-19 10:15:42', 2, 1, 5, 1, null);
INSERT INTO Betting_Db.game (id, away_score, finished, home_score, start_time, away_team_id, country_id, home_team_id, league_id, odd_id) VALUES (617, 0, true, 4, '2018-09-19 10:15:42', 27, 1, 29, 2, null);
INSERT INTO Betting_Db.game (id, away_score, finished, home_score, start_time, away_team_id, country_id, home_team_id, league_id, odd_id) VALUES (618, 0, true, 2, '2018-09-19 10:15:42', 46, 1, 37, 3, null);
INSERT INTO Betting_Db.game (id, away_score, finished, home_score, start_time, away_team_id, country_id, home_team_id, league_id, odd_id) VALUES (619, 2, true, 4, '2018-09-19 10:15:42', 44, 1, 45, 3, null);
INSERT INTO Betting_Db.game (id, away_score, finished, home_score, start_time, away_team_id, country_id, home_team_id, league_id, odd_id) VALUES (620, 4, true, 4, '2018-09-19 10:15:42', 28, 1, 26, 2, null);
INSERT INTO Betting_Db.game (id, away_score, finished, home_score, start_time, away_team_id, country_id, home_team_id, league_id, odd_id) VALUES (621, 2, true, 2, '2018-09-19 10:15:42', 3, 1, 7, 1, null);
INSERT INTO Betting_Db.game (id, away_score, finished, home_score, start_time, away_team_id, country_id, home_team_id, league_id, odd_id) VALUES (622, 2, true, 2, '2018-09-19 10:15:42', 10, 1, 8, 1, null);
INSERT INTO Betting_Db.game (id, away_score, finished, home_score, start_time, away_team_id, country_id, home_team_id, league_id, odd_id) VALUES (623, 4, true, 4, '2018-09-19 10:15:42', 3, 1, 4, 1, null);
INSERT INTO Betting_Db.game (id, away_score, finished, home_score, start_time, away_team_id, country_id, home_team_id, league_id, odd_id) VALUES (624, 3, true, 2, '2018-09-19 10:15:42', 29, 1, 27, 2, null);
INSERT INTO Betting_Db.game (id, away_score, finished, home_score, start_time, away_team_id, country_id, home_team_id, league_id, odd_id) VALUES (625, 4, true, 1, '2018-09-19 10:15:42', 6, 1, 2, 1, null);
INSERT INTO Betting_Db.game (id, away_score, finished, home_score, start_time, away_team_id, country_id, home_team_id, league_id, odd_id) VALUES (626, 2, true, 2, '2018-09-19 10:15:42', 29, 1, 35, 2, null);
INSERT INTO Betting_Db.game (id, away_score, finished, home_score, start_time, away_team_id, country_id, home_team_id, league_id, odd_id) VALUES (627, 0, true, 4, '2018-09-19 10:15:42', 10, 1, 7, 1, null);
INSERT INTO Betting_Db.game (id, away_score, finished, home_score, start_time, away_team_id, country_id, home_team_id, league_id, odd_id) VALUES (628, 1, true, 1, '2018-09-19 10:15:42', 50, 1, 36, 3, null);
INSERT INTO Betting_Db.game (id, away_score, finished, home_score, start_time, away_team_id, country_id, home_team_id, league_id, odd_id) VALUES (629, 0, true, 1, '2018-09-19 10:15:42', 50, 1, 45, 3, null);
INSERT INTO Betting_Db.game (id, away_score, finished, home_score, start_time, away_team_id, country_id, home_team_id, league_id, odd_id) VALUES (630, 4, true, 3, '2018-09-19 10:15:42', 7, 1, 2, 1, null);
INSERT INTO Betting_Db.game (id, away_score, finished, home_score, start_time, away_team_id, country_id, home_team_id, league_id, odd_id) VALUES (631, 4, true, 0, '2018-09-19 10:15:42', 7, 1, 10, 1, null);
INSERT INTO Betting_Db.game (id, away_score, finished, home_score, start_time, away_team_id, country_id, home_team_id, league_id, odd_id) VALUES (632, 4, true, 4, '2018-09-19 10:15:42', 30, 1, 26, 2, null);
INSERT INTO Betting_Db.game (id, away_score, finished, home_score, start_time, away_team_id, country_id, home_team_id, league_id, odd_id) VALUES (633, 1, true, 3, '2018-09-19 10:15:42', 28, 1, 31, 2, null);
INSERT INTO Betting_Db.game (id, away_score, finished, home_score, start_time, away_team_id, country_id, home_team_id, league_id, odd_id) VALUES (634, 3, true, 2, '2018-09-19 10:15:42', 27, 1, 26, 2, null);
INSERT INTO Betting_Db.game (id, away_score, finished, home_score, start_time, away_team_id, country_id, home_team_id, league_id, odd_id) VALUES (635, 4, true, 4, '2018-09-19 10:15:42', 30, 1, 29, 2, null);
INSERT INTO Betting_Db.game (id, away_score, finished, home_score, start_time, away_team_id, country_id, home_team_id, league_id, odd_id) VALUES (636, 3, true, 4, '2018-09-19 10:15:42', 26, 1, 28, 2, null);
INSERT INTO Betting_Db.game (id, away_score, finished, home_score, start_time, away_team_id, country_id, home_team_id, league_id, odd_id) VALUES (637, 1, true, 3, '2018-09-19 10:15:42', 27, 1, 34, 2, null);
INSERT INTO Betting_Db.game (id, away_score, finished, home_score, start_time, away_team_id, country_id, home_team_id, league_id, odd_id) VALUES (638, 2, true, 4, '2018-09-19 10:15:43', 39, 1, 50, 3, null);
INSERT INTO Betting_Db.game (id, away_score, finished, home_score, start_time, away_team_id, country_id, home_team_id, league_id, odd_id) VALUES (639, 2, true, 4, '2018-09-19 10:15:43', 9, 1, 6, 1, null);
INSERT INTO Betting_Db.game (id, away_score, finished, home_score, start_time, away_team_id, country_id, home_team_id, league_id, odd_id) VALUES (640, 2, true, 4, '2018-09-19 10:15:43', 39, 1, 50, 3, null);
INSERT INTO Betting_Db.game (id, away_score, finished, home_score, start_time, away_team_id, country_id, home_team_id, league_id, odd_id) VALUES (641, 4, true, 1, '2018-09-19 10:15:43', 36, 1, 49, 3, null);
INSERT INTO Betting_Db.game (id, away_score, finished, home_score, start_time, away_team_id, country_id, home_team_id, league_id, odd_id) VALUES (642, 0, true, 4, '2018-09-19 10:15:43', 30, 1, 28, 2, null);
INSERT INTO Betting_Db.game (id, away_score, finished, home_score, start_time, away_team_id, country_id, home_team_id, league_id, odd_id) VALUES (643, 2, true, 3, '2018-09-19 10:15:43', 48, 1, 43, 3, null);
INSERT INTO Betting_Db.game (id, away_score, finished, home_score, start_time, away_team_id, country_id, home_team_id, league_id, odd_id) VALUES (644, 4, true, 0, '2018-09-19 10:15:43', 10, 1, 6, 1, null);
INSERT INTO Betting_Db.game (id, away_score, finished, home_score, start_time, away_team_id, country_id, home_team_id, league_id, odd_id) VALUES (645, 3, true, 3, '2018-09-19 10:15:43', 3, 1, 8, 1, null);
INSERT INTO Betting_Db.game (id, away_score, finished, home_score, start_time, away_team_id, country_id, home_team_id, league_id, odd_id) VALUES (646, 2, true, 4, '2018-09-19 10:15:43', 44, 1, 50, 3, null);
INSERT INTO Betting_Db.game (id, away_score, finished, home_score, start_time, away_team_id, country_id, home_team_id, league_id, odd_id) VALUES (647, 1, true, 2, '2018-09-19 10:15:43', 27, 1, 35, 2, null);
INSERT INTO Betting_Db.game (id, away_score, finished, home_score, start_time, away_team_id, country_id, home_team_id, league_id, odd_id) VALUES (648, 3, true, 0, '2018-09-19 10:15:43', 35, 1, 33, 2, null);
INSERT INTO Betting_Db.game (id, away_score, finished, home_score, start_time, away_team_id, country_id, home_team_id, league_id, odd_id) VALUES (649, 2, true, 3, '2018-09-19 10:15:43', 2, 1, 8, 1, null);
INSERT INTO Betting_Db.game (id, away_score, finished, home_score, start_time, away_team_id, country_id, home_team_id, league_id, odd_id) VALUES (650, 3, true, 1, '2018-09-19 10:15:43', 32, 1, 33, 2, null);
INSERT INTO Betting_Db.game (id, away_score, finished, home_score, start_time, away_team_id, country_id, home_team_id, league_id, odd_id) VALUES (651, 2, true, 4, '2018-09-19 10:15:43', 3, 1, 9, 1, null);
INSERT INTO Betting_Db.game (id, away_score, finished, home_score, start_time, away_team_id, country_id, home_team_id, league_id, odd_id) VALUES (652, 1, true, 4, '2018-09-19 10:15:43', 6, 1, 5, 1, null);
INSERT INTO Betting_Db.game (id, away_score, finished, home_score, start_time, away_team_id, country_id, home_team_id, league_id, odd_id) VALUES (653, 0, true, 2, '2018-09-19 10:15:43', 6, 1, 7, 1, null);
INSERT INTO Betting_Db.game (id, away_score, finished, home_score, start_time, away_team_id, country_id, home_team_id, league_id, odd_id) VALUES (654, 3, true, 3, '2018-09-19 10:15:43', 27, 1, 30, 2, null);
INSERT INTO Betting_Db.game (id, away_score, finished, home_score, start_time, away_team_id, country_id, home_team_id, league_id, odd_id) VALUES (655, 0, true, 4, '2018-09-19 10:15:43', 8, 1, 1, 1, null);
INSERT INTO Betting_Db.game (id, away_score, finished, home_score, start_time, away_team_id, country_id, home_team_id, league_id, odd_id) VALUES (656, 4, true, 3, '2018-09-19 10:15:43', 2, 1, 5, 1, null);
INSERT INTO Betting_Db.game (id, away_score, finished, home_score, start_time, away_team_id, country_id, home_team_id, league_id, odd_id) VALUES (657, 1, true, 2, '2018-09-19 10:15:43', 2, 1, 10, 1, null);
INSERT INTO Betting_Db.game (id, away_score, finished, home_score, start_time, away_team_id, country_id, home_team_id, league_id, odd_id) VALUES (658, 3, true, 2, '2018-09-19 10:15:43', 42, 1, 47, 3, null);
INSERT INTO Betting_Db.game (id, away_score, finished, home_score, start_time, away_team_id, country_id, home_team_id, league_id, odd_id) VALUES (659, 2, true, 3, '2018-09-19 10:15:43', 10, 1, 6, 1, null);
INSERT INTO Betting_Db.game (id, away_score, finished, home_score, start_time, away_team_id, country_id, home_team_id, league_id, odd_id) VALUES (660, 2, true, 3, '2018-09-19 10:15:43', 38, 1, 41, 3, null);
INSERT INTO Betting_Db.game (id, away_score, finished, home_score, start_time, away_team_id, country_id, home_team_id, league_id, odd_id) VALUES (661, 0, true, 3, '2018-09-19 10:15:43', 26, 1, 25, 2, null);
INSERT INTO Betting_Db.game (id, away_score, finished, home_score, start_time, away_team_id, country_id, home_team_id, league_id, odd_id) VALUES (662, 2, true, 4, '2018-09-19 10:15:43', 49, 1, 46, 3, null);
INSERT INTO Betting_Db.game (id, away_score, finished, home_score, start_time, away_team_id, country_id, home_team_id, league_id, odd_id) VALUES (663, 1, true, 4, '2018-09-19 10:15:43', 29, 1, 27, 2, null);
INSERT INTO Betting_Db.game (id, away_score, finished, home_score, start_time, away_team_id, country_id, home_team_id, league_id, odd_id) VALUES (664, 2, true, 0, '2018-09-19 10:15:43', 41, 1, 38, 3, null);
INSERT INTO Betting_Db.game (id, away_score, finished, home_score, start_time, away_team_id, country_id, home_team_id, league_id, odd_id) VALUES (665, 2, true, 2, '2018-09-19 10:15:43', 7, 1, 8, 1, null);
INSERT INTO Betting_Db.game (id, away_score, finished, home_score, start_time, away_team_id, country_id, home_team_id, league_id, odd_id) VALUES (666, 1, true, 4, '2018-09-19 10:15:43', 34, 1, 32, 2, null);
INSERT INTO Betting_Db.game (id, away_score, finished, home_score, start_time, away_team_id, country_id, home_team_id, league_id, odd_id) VALUES (667, 0, true, 1, '2018-09-19 10:15:43', 6, 1, 7, 1, null);
INSERT INTO Betting_Db.game (id, away_score, finished, home_score, start_time, away_team_id, country_id, home_team_id, league_id, odd_id) VALUES (668, 4, true, 3, '2018-09-19 10:15:43', 35, 1, 26, 2, null);
INSERT INTO Betting_Db.game (id, away_score, finished, home_score, start_time, away_team_id, country_id, home_team_id, league_id, odd_id) VALUES (669, 3, true, 1, '2018-09-19 10:15:43', 6, 1, 2, 1, null);
INSERT INTO Betting_Db.game (id, away_score, finished, home_score, start_time, away_team_id, country_id, home_team_id, league_id, odd_id) VALUES (670, 3, true, 3, '2018-09-19 10:15:43', 31, 1, 27, 2, null);
INSERT INTO Betting_Db.game (id, away_score, finished, home_score, start_time, away_team_id, country_id, home_team_id, league_id, odd_id) VALUES (671, 3, true, 2, '2018-09-19 10:15:43', 9, 1, 6, 1, null);
INSERT INTO Betting_Db.game (id, away_score, finished, home_score, start_time, away_team_id, country_id, home_team_id, league_id, odd_id) VALUES (672, 4, true, 4, '2018-09-19 10:15:43', 30, 1, 33, 2, null);
INSERT INTO Betting_Db.game (id, away_score, finished, home_score, start_time, away_team_id, country_id, home_team_id, league_id, odd_id) VALUES (673, 1, true, 2, '2018-09-19 10:15:43', 28, 1, 27, 2, null);
INSERT INTO Betting_Db.game (id, away_score, finished, home_score, start_time, away_team_id, country_id, home_team_id, league_id, odd_id) VALUES (674, 3, true, 1, '2018-09-19 10:15:43', 31, 1, 26, 2, null);
INSERT INTO Betting_Db.game (id, away_score, finished, home_score, start_time, away_team_id, country_id, home_team_id, league_id, odd_id) VALUES (675, 1, true, 0, '2018-09-19 10:15:43', 10, 1, 8, 1, null);
INSERT INTO Betting_Db.game (id, away_score, finished, home_score, start_time, away_team_id, country_id, home_team_id, league_id, odd_id) VALUES (676, 3, true, 3, '2018-09-19 10:15:43', 42, 1, 48, 3, null);
INSERT INTO Betting_Db.game (id, away_score, finished, home_score, start_time, away_team_id, country_id, home_team_id, league_id, odd_id) VALUES (677, 1, true, 3, '2018-09-19 10:15:43', 27, 1, 25, 2, null);
INSERT INTO Betting_Db.game (id, away_score, finished, home_score, start_time, away_team_id, country_id, home_team_id, league_id, odd_id) VALUES (678, 4, true, 2, '2018-09-19 10:15:43', 49, 1, 36, 3, null);
INSERT INTO Betting_Db.game (id, away_score, finished, home_score, start_time, away_team_id, country_id, home_team_id, league_id, odd_id) VALUES (679, 4, true, 0, '2018-09-19 10:15:43', 30, 1, 31, 2, null);
INSERT INTO Betting_Db.game (id, away_score, finished, home_score, start_time, away_team_id, country_id, home_team_id, league_id, odd_id) VALUES (680, 2, true, 3, '2018-09-19 10:15:43', 48, 1, 45, 3, null);
INSERT INTO Betting_Db.game (id, away_score, finished, home_score, start_time, away_team_id, country_id, home_team_id, league_id, odd_id) VALUES (681, 2, true, 1, '2018-09-19 10:15:43', 3, 1, 5, 1, null);
INSERT INTO Betting_Db.game (id, away_score, finished, home_score, start_time, away_team_id, country_id, home_team_id, league_id, odd_id) VALUES (682, 1, true, 3, '2018-09-19 10:15:43', 36, 1, 43, 3, null);
INSERT INTO Betting_Db.game (id, away_score, finished, home_score, start_time, away_team_id, country_id, home_team_id, league_id, odd_id) VALUES (683, 2, true, 2, '2018-09-19 10:15:43', 29, 1, 27, 2, null);
INSERT INTO Betting_Db.game (id, away_score, finished, home_score, start_time, away_team_id, country_id, home_team_id, league_id, odd_id) VALUES (684, 2, true, 1, '2018-09-19 10:15:43', 25, 1, 35, 2, null);
INSERT INTO Betting_Db.game (id, away_score, finished, home_score, start_time, away_team_id, country_id, home_team_id, league_id, odd_id) VALUES (685, 2, true, 0, '2018-09-19 10:15:43', 37, 1, 36, 3, null);
INSERT INTO Betting_Db.game (id, away_score, finished, home_score, start_time, away_team_id, country_id, home_team_id, league_id, odd_id) VALUES (686, 4, true, 3, '2018-09-19 10:15:43', 39, 1, 48, 3, null);
INSERT INTO Betting_Db.game (id, away_score, finished, home_score, start_time, away_team_id, country_id, home_team_id, league_id, odd_id) VALUES (687, 0, true, 4, '2018-09-19 10:15:43', 39, 1, 48, 3, null);
INSERT INTO Betting_Db.game (id, away_score, finished, home_score, start_time, away_team_id, country_id, home_team_id, league_id, odd_id) VALUES (688, 0, true, 1, '2018-09-19 10:15:43', 37, 1, 36, 3, null);
INSERT INTO Betting_Db.game (id, away_score, finished, home_score, start_time, away_team_id, country_id, home_team_id, league_id, odd_id) VALUES (689, 0, true, 1, '2018-09-19 10:15:43', 50, 1, 40, 3, null);
INSERT INTO Betting_Db.game (id, away_score, finished, home_score, start_time, away_team_id, country_id, home_team_id, league_id, odd_id) VALUES (690, 0, true, 0, '2018-09-19 10:15:43', 1, 1, 7, 1, null);
INSERT INTO Betting_Db.game (id, away_score, finished, home_score, start_time, away_team_id, country_id, home_team_id, league_id, odd_id) VALUES (691, 3, true, 0, '2018-09-19 10:15:43', 8, 1, 1, 1, null);
INSERT INTO Betting_Db.game (id, away_score, finished, home_score, start_time, away_team_id, country_id, home_team_id, league_id, odd_id) VALUES (692, 2, true, 0, '2018-09-19 10:15:43', 35, 1, 34, 2, null);
INSERT INTO Betting_Db.game (id, away_score, finished, home_score, start_time, away_team_id, country_id, home_team_id, league_id, odd_id) VALUES (693, 0, true, 0, '2018-09-19 10:15:43', 45, 1, 46, 3, null);
INSERT INTO Betting_Db.game (id, away_score, finished, home_score, start_time, away_team_id, country_id, home_team_id, league_id, odd_id) VALUES (694, 0, true, 3, '2018-09-19 10:15:43', 50, 1, 40, 3, null);
INSERT INTO Betting_Db.game (id, away_score, finished, home_score, start_time, away_team_id, country_id, home_team_id, league_id, odd_id) VALUES (695, 1, true, 4, '2018-09-19 10:15:43', 25, 1, 34, 2, null);
INSERT INTO Betting_Db.game (id, away_score, finished, home_score, start_time, away_team_id, country_id, home_team_id, league_id, odd_id) VALUES (696, 3, true, 2, '2018-09-19 10:15:43', 29, 1, 30, 2, null);
INSERT INTO Betting_Db.game (id, away_score, finished, home_score, start_time, away_team_id, country_id, home_team_id, league_id, odd_id) VALUES (697, 0, true, 4, '2018-09-19 10:15:43', 38, 1, 40, 3, null);
INSERT INTO Betting_Db.game (id, away_score, finished, home_score, start_time, away_team_id, country_id, home_team_id, league_id, odd_id) VALUES (698, 1, true, 2, '2018-09-19 10:15:43', 27, 1, 29, 2, null);
INSERT INTO Betting_Db.game (id, away_score, finished, home_score, start_time, away_team_id, country_id, home_team_id, league_id, odd_id) VALUES (699, 4, true, 0, '2018-09-19 10:15:43', 48, 1, 37, 3, null);
INSERT INTO Betting_Db.game (id, away_score, finished, home_score, start_time, away_team_id, country_id, home_team_id, league_id, odd_id) VALUES (700, 0, true, 1, '2018-09-19 10:15:43', 4, 1, 9, 1, null);
INSERT INTO Betting_Db.game (id, away_score, finished, home_score, start_time, away_team_id, country_id, home_team_id, league_id, odd_id) VALUES (701, 4, true, 0, '2018-09-19 10:15:43', 49, 1, 38, 3, null);
INSERT INTO Betting_Db.game (id, away_score, finished, home_score, start_time, away_team_id, country_id, home_team_id, league_id, odd_id) VALUES (702, 1, true, 4, '2018-09-19 10:15:43', 31, 1, 28, 2, null);
INSERT INTO Betting_Db.game (id, away_score, finished, home_score, start_time, away_team_id, country_id, home_team_id, league_id, odd_id) VALUES (703, 3, true, 4, '2018-09-19 10:15:43', 6, 1, 5, 1, null);
INSERT INTO Betting_Db.game (id, away_score, finished, home_score, start_time, away_team_id, country_id, home_team_id, league_id, odd_id) VALUES (704, 1, true, 1, '2018-09-19 10:15:43', 32, 1, 31, 2, null);
INSERT INTO Betting_Db.game (id, away_score, finished, home_score, start_time, away_team_id, country_id, home_team_id, league_id, odd_id) VALUES (705, 1, true, 3, '2018-09-19 10:15:43', 35, 1, 26, 2, null);
INSERT INTO Betting_Db.game (id, away_score, finished, home_score, start_time, away_team_id, country_id, home_team_id, league_id, odd_id) VALUES (706, 2, true, 2, '2018-09-19 10:15:43', 49, 1, 41, 3, null);
INSERT INTO Betting_Db.game (id, away_score, finished, home_score, start_time, away_team_id, country_id, home_team_id, league_id, odd_id) VALUES (707, 4, true, 1, '2018-09-19 10:15:43', 39, 1, 37, 3, null);
INSERT INTO Betting_Db.game (id, away_score, finished, home_score, start_time, away_team_id, country_id, home_team_id, league_id, odd_id) VALUES (708, 1, true, 3, '2018-09-19 10:15:43', 41, 1, 39, 3, null);
INSERT INTO Betting_Db.game (id, away_score, finished, home_score, start_time, away_team_id, country_id, home_team_id, league_id, odd_id) VALUES (709, 4, true, 0, '2018-09-19 10:15:43', 29, 1, 25, 2, null);
INSERT INTO Betting_Db.game (id, away_score, finished, home_score, start_time, away_team_id, country_id, home_team_id, league_id, odd_id) VALUES (710, 0, true, 1, '2018-09-19 10:15:43', 5, 1, 6, 1, null);
INSERT INTO Betting_Db.game (id, away_score, finished, home_score, start_time, away_team_id, country_id, home_team_id, league_id, odd_id) VALUES (711, 2, true, 1, '2018-09-19 10:15:43', 31, 1, 34, 2, null);
INSERT INTO Betting_Db.game (id, away_score, finished, home_score, start_time, away_team_id, country_id, home_team_id, league_id, odd_id) VALUES (712, 2, true, 4, '2018-09-19 10:15:43', 48, 1, 47, 3, null);
INSERT INTO Betting_Db.game (id, away_score, finished, home_score, start_time, away_team_id, country_id, home_team_id, league_id, odd_id) VALUES (713, 4, true, 1, '2018-09-19 10:15:43', 49, 1, 44, 3, null);
INSERT INTO Betting_Db.game (id, away_score, finished, home_score, start_time, away_team_id, country_id, home_team_id, league_id, odd_id) VALUES (714, 4, true, 3, '2018-09-19 10:15:43', 40, 1, 41, 3, null);
INSERT INTO Betting_Db.game (id, away_score, finished, home_score, start_time, away_team_id, country_id, home_team_id, league_id, odd_id) VALUES (715, 0, true, 1, '2018-09-19 10:15:43', 25, 1, 27, 2, null);
INSERT INTO Betting_Db.game (id, away_score, finished, home_score, start_time, away_team_id, country_id, home_team_id, league_id, odd_id) VALUES (716, 0, true, 2, '2018-09-19 10:15:43', 46, 1, 50, 3, null);
INSERT INTO Betting_Db.game (id, away_score, finished, home_score, start_time, away_team_id, country_id, home_team_id, league_id, odd_id) VALUES (717, 4, true, 3, '2018-09-19 10:15:43', 30, 1, 33, 2, null);
INSERT INTO Betting_Db.game (id, away_score, finished, home_score, start_time, away_team_id, country_id, home_team_id, league_id, odd_id) VALUES (718, 2, true, 1, '2018-09-19 10:15:43', 26, 1, 33, 2, null);
INSERT INTO Betting_Db.game (id, away_score, finished, home_score, start_time, away_team_id, country_id, home_team_id, league_id, odd_id) VALUES (719, 1, true, 1, '2018-09-19 10:15:43', 9, 1, 4, 1, null);
INSERT INTO Betting_Db.game (id, away_score, finished, home_score, start_time, away_team_id, country_id, home_team_id, league_id, odd_id) VALUES (720, 2, true, 2, '2018-09-19 10:15:43', 26, 1, 30, 2, null);
INSERT INTO Betting_Db.game (id, away_score, finished, home_score, start_time, away_team_id, country_id, home_team_id, league_id, odd_id) VALUES (721, 0, true, 2, '2018-09-19 10:15:43', 6, 1, 7, 1, null);
INSERT INTO Betting_Db.game (id, away_score, finished, home_score, start_time, away_team_id, country_id, home_team_id, league_id, odd_id) VALUES (722, 4, true, 4, '2018-09-19 10:15:43', 4, 1, 3, 1, null);
INSERT INTO Betting_Db.game (id, away_score, finished, home_score, start_time, away_team_id, country_id, home_team_id, league_id, odd_id) VALUES (723, 4, true, 1, '2018-09-19 10:15:43', 44, 1, 48, 3, null);
INSERT INTO Betting_Db.game (id, away_score, finished, home_score, start_time, away_team_id, country_id, home_team_id, league_id, odd_id) VALUES (724, 4, true, 1, '2018-09-19 10:15:43', 10, 1, 8, 1, null);
INSERT INTO Betting_Db.game (id, away_score, finished, home_score, start_time, away_team_id, country_id, home_team_id, league_id, odd_id) VALUES (725, 2, true, 2, '2018-09-19 10:15:43', 46, 1, 43, 3, null);
INSERT INTO Betting_Db.game (id, away_score, finished, home_score, start_time, away_team_id, country_id, home_team_id, league_id, odd_id) VALUES (726, 1, true, 1, '2018-09-19 10:15:43', 39, 1, 41, 3, null);
INSERT INTO Betting_Db.game (id, away_score, finished, home_score, start_time, away_team_id, country_id, home_team_id, league_id, odd_id) VALUES (727, 2, true, 4, '2018-09-19 10:15:43', 50, 1, 43, 3, null);
INSERT INTO Betting_Db.game (id, away_score, finished, home_score, start_time, away_team_id, country_id, home_team_id, league_id, odd_id) VALUES (728, 1, true, 2, '2018-09-19 10:15:43', 8, 1, 7, 1, null);
INSERT INTO Betting_Db.game (id, away_score, finished, home_score, start_time, away_team_id, country_id, home_team_id, league_id, odd_id) VALUES (729, 0, true, 3, '2018-09-19 10:15:43', 28, 1, 34, 2, null);
INSERT INTO Betting_Db.game (id, away_score, finished, home_score, start_time, away_team_id, country_id, home_team_id, league_id, odd_id) VALUES (730, 2, true, 4, '2018-09-19 10:15:43', 42, 1, 41, 3, null);
INSERT INTO Betting_Db.game (id, away_score, finished, home_score, start_time, away_team_id, country_id, home_team_id, league_id, odd_id) VALUES (731, 1, true, 1, '2018-09-19 10:15:43', 45, 1, 43, 3, null);
INSERT INTO Betting_Db.game (id, away_score, finished, home_score, start_time, away_team_id, country_id, home_team_id, league_id, odd_id) VALUES (732, 2, true, 0, '2018-09-19 10:15:43', 2, 1, 7, 1, null);
INSERT INTO Betting_Db.game (id, away_score, finished, home_score, start_time, away_team_id, country_id, home_team_id, league_id, odd_id) VALUES (733, 4, true, 1, '2018-09-19 10:15:43', 28, 1, 29, 2, null);
INSERT INTO Betting_Db.game (id, away_score, finished, home_score, start_time, away_team_id, country_id, home_team_id, league_id, odd_id) VALUES (734, 0, true, 1, '2018-09-19 10:15:43', 1, 1, 9, 1, null);
INSERT INTO Betting_Db.game (id, away_score, finished, home_score, start_time, away_team_id, country_id, home_team_id, league_id, odd_id) VALUES (735, 4, true, 2, '2018-09-19 10:15:43', 45, 1, 41, 3, null);
INSERT INTO Betting_Db.game (id, away_score, finished, home_score, start_time, away_team_id, country_id, home_team_id, league_id, odd_id) VALUES (736, 3, true, 1, '2018-09-19 10:15:43', 32, 1, 35, 2, null);
INSERT INTO Betting_Db.game (id, away_score, finished, home_score, start_time, away_team_id, country_id, home_team_id, league_id, odd_id) VALUES (737, 3, true, 1, '2018-09-19 10:15:43', 8, 1, 4, 1, null);
INSERT INTO Betting_Db.game (id, away_score, finished, home_score, start_time, away_team_id, country_id, home_team_id, league_id, odd_id) VALUES (738, 1, true, 3, '2018-09-19 10:15:43', 49, 1, 42, 3, null);
INSERT INTO Betting_Db.game (id, away_score, finished, home_score, start_time, away_team_id, country_id, home_team_id, league_id, odd_id) VALUES (739, 3, true, 0, '2018-09-19 10:15:43', 1, 1, 2, 1, null);
INSERT INTO Betting_Db.game (id, away_score, finished, home_score, start_time, away_team_id, country_id, home_team_id, league_id, odd_id) VALUES (740, 0, true, 4, '2018-09-19 10:15:43', 32, 1, 33, 2, null);
INSERT INTO Betting_Db.game (id, away_score, finished, home_score, start_time, away_team_id, country_id, home_team_id, league_id, odd_id) VALUES (741, 0, true, 2, '2018-09-19 10:15:43', 47, 1, 40, 3, null);
INSERT INTO Betting_Db.game (id, away_score, finished, home_score, start_time, away_team_id, country_id, home_team_id, league_id, odd_id) VALUES (742, 0, true, 0, '2018-09-19 10:15:43', 4, 1, 2, 1, null);
INSERT INTO Betting_Db.game (id, away_score, finished, home_score, start_time, away_team_id, country_id, home_team_id, league_id, odd_id) VALUES (743, 3, true, 4, '2018-09-19 10:15:43', 3, 1, 8, 1, null);
INSERT INTO Betting_Db.game (id, away_score, finished, home_score, start_time, away_team_id, country_id, home_team_id, league_id, odd_id) VALUES (744, 4, true, 2, '2018-09-19 10:15:43', 1, 1, 6, 1, null);
INSERT INTO Betting_Db.game (id, away_score, finished, home_score, start_time, away_team_id, country_id, home_team_id, league_id, odd_id) VALUES (745, 4, true, 4, '2018-09-19 10:15:43', 30, 1, 33, 2, null);
INSERT INTO Betting_Db.game (id, away_score, finished, home_score, start_time, away_team_id, country_id, home_team_id, league_id, odd_id) VALUES (746, 4, true, 4, '2018-09-19 10:15:43', 34, 1, 29, 2, null);
INSERT INTO Betting_Db.game (id, away_score, finished, home_score, start_time, away_team_id, country_id, home_team_id, league_id, odd_id) VALUES (747, 4, true, 2, '2018-09-19 10:15:43', 32, 1, 34, 2, null);
INSERT INTO Betting_Db.game (id, away_score, finished, home_score, start_time, away_team_id, country_id, home_team_id, league_id, odd_id) VALUES (748, 3, true, 2, '2018-09-19 10:15:43', 45, 1, 42, 3, null);
INSERT INTO Betting_Db.game (id, away_score, finished, home_score, start_time, away_team_id, country_id, home_team_id, league_id, odd_id) VALUES (749, 2, true, 0, '2018-09-19 10:15:43', 30, 1, 34, 2, null);
INSERT INTO Betting_Db.game (id, away_score, finished, home_score, start_time, away_team_id, country_id, home_team_id, league_id, odd_id) VALUES (750, 1, true, 2, '2018-09-19 10:15:43', 8, 1, 3, 1, null);
INSERT INTO Betting_Db.game (id, away_score, finished, home_score, start_time, away_team_id, country_id, home_team_id, league_id, odd_id) VALUES (751, 0, true, 2, '2018-09-19 10:15:43', 30, 1, 25, 2, null);
INSERT INTO Betting_Db.game (id, away_score, finished, home_score, start_time, away_team_id, country_id, home_team_id, league_id, odd_id) VALUES (752, 3, true, 3, '2018-09-19 10:15:43', 2, 1, 3, 1, null);
INSERT INTO Betting_Db.game (id, away_score, finished, home_score, start_time, away_team_id, country_id, home_team_id, league_id, odd_id) VALUES (753, 3, true, 0, '2018-09-19 10:15:43', 10, 1, 4, 1, null);
INSERT INTO Betting_Db.game (id, away_score, finished, home_score, start_time, away_team_id, country_id, home_team_id, league_id, odd_id) VALUES (754, 0, true, 4, '2018-09-19 10:15:43', 46, 1, 50, 3, null);
INSERT INTO Betting_Db.game (id, away_score, finished, home_score, start_time, away_team_id, country_id, home_team_id, league_id, odd_id) VALUES (755, 3, true, 3, '2018-09-19 10:15:43', 26, 1, 25, 2, null);
INSERT INTO Betting_Db.game (id, away_score, finished, home_score, start_time, away_team_id, country_id, home_team_id, league_id, odd_id) VALUES (756, 1, true, 1, '2018-09-19 10:15:43', 43, 1, 50, 3, null);
INSERT INTO Betting_Db.game (id, away_score, finished, home_score, start_time, away_team_id, country_id, home_team_id, league_id, odd_id) VALUES (757, 1, true, 4, '2018-09-19 10:15:43', 32, 1, 26, 2, null);
INSERT INTO Betting_Db.game (id, away_score, finished, home_score, start_time, away_team_id, country_id, home_team_id, league_id, odd_id) VALUES (758, 2, true, 3, '2018-09-19 10:15:43', 8, 1, 3, 1, null);
INSERT INTO Betting_Db.game (id, away_score, finished, home_score, start_time, away_team_id, country_id, home_team_id, league_id, odd_id) VALUES (759, 4, true, 0, '2018-09-19 10:15:43', 30, 1, 33, 2, null);
INSERT INTO Betting_Db.game (id, away_score, finished, home_score, start_time, away_team_id, country_id, home_team_id, league_id, odd_id) VALUES (760, 3, true, 3, '2018-09-19 10:15:43', 32, 1, 25, 2, null);
INSERT INTO Betting_Db.game (id, away_score, finished, home_score, start_time, away_team_id, country_id, home_team_id, league_id, odd_id) VALUES (761, 3, true, 0, '2018-09-19 10:15:43', 37, 1, 42, 3, null);
INSERT INTO Betting_Db.game (id, away_score, finished, home_score, start_time, away_team_id, country_id, home_team_id, league_id, odd_id) VALUES (762, 1, true, 1, '2018-09-19 10:15:43', 28, 1, 31, 2, null);
INSERT INTO Betting_Db.game (id, away_score, finished, home_score, start_time, away_team_id, country_id, home_team_id, league_id, odd_id) VALUES (763, 0, true, 3, '2018-09-19 10:15:43', 39, 1, 48, 3, null);
INSERT INTO Betting_Db.game (id, away_score, finished, home_score, start_time, away_team_id, country_id, home_team_id, league_id, odd_id) VALUES (764, 1, true, 4, '2018-09-19 10:15:43', 6, 1, 7, 1, null);
INSERT INTO Betting_Db.game (id, away_score, finished, home_score, start_time, away_team_id, country_id, home_team_id, league_id, odd_id) VALUES (765, 2, true, 0, '2018-09-19 10:15:43', 40, 1, 46, 3, null);
INSERT INTO Betting_Db.game (id, away_score, finished, home_score, start_time, away_team_id, country_id, home_team_id, league_id, odd_id) VALUES (766, 3, true, 1, '2018-09-19 10:15:43', 44, 1, 45, 3, null);
INSERT INTO Betting_Db.game (id, away_score, finished, home_score, start_time, away_team_id, country_id, home_team_id, league_id, odd_id) VALUES (767, 3, true, 2, '2018-09-19 10:15:43', 46, 1, 45, 3, null);
INSERT INTO Betting_Db.game (id, away_score, finished, home_score, start_time, away_team_id, country_id, home_team_id, league_id, odd_id) VALUES (768, 2, true, 4, '2018-09-19 10:15:43', 42, 1, 45, 3, null);
INSERT INTO Betting_Db.game (id, away_score, finished, home_score, start_time, away_team_id, country_id, home_team_id, league_id, odd_id) VALUES (769, 3, true, 2, '2018-09-19 10:15:43', 9, 1, 5, 1, null);
INSERT INTO Betting_Db.game (id, away_score, finished, home_score, start_time, away_team_id, country_id, home_team_id, league_id, odd_id) VALUES (770, 0, true, 3, '2018-09-19 10:15:43', 34, 1, 28, 2, null);
INSERT INTO Betting_Db.game (id, away_score, finished, home_score, start_time, away_team_id, country_id, home_team_id, league_id, odd_id) VALUES (771, 4, true, 1, '2018-09-19 10:15:43', 29, 1, 27, 2, null);
INSERT INTO Betting_Db.game (id, away_score, finished, home_score, start_time, away_team_id, country_id, home_team_id, league_id, odd_id) VALUES (772, 2, true, 4, '2018-09-19 10:15:43', 2, 1, 7, 1, null);
INSERT INTO Betting_Db.game (id, away_score, finished, home_score, start_time, away_team_id, country_id, home_team_id, league_id, odd_id) VALUES (773, 1, true, 4, '2018-09-19 10:15:43', 2, 1, 4, 1, null);
INSERT INTO Betting_Db.game (id, away_score, finished, home_score, start_time, away_team_id, country_id, home_team_id, league_id, odd_id) VALUES (774, 4, true, 2, '2018-09-19 10:15:43', 33, 1, 31, 2, null);
INSERT INTO Betting_Db.game (id, away_score, finished, home_score, start_time, away_team_id, country_id, home_team_id, league_id, odd_id) VALUES (775, 4, true, 0, '2018-09-19 10:15:43', 4, 1, 7, 1, null);
INSERT INTO Betting_Db.game (id, away_score, finished, home_score, start_time, away_team_id, country_id, home_team_id, league_id, odd_id) VALUES (776, 2, true, 1, '2018-09-19 10:15:43', 6, 1, 5, 1, null);
INSERT INTO Betting_Db.game (id, away_score, finished, home_score, start_time, away_team_id, country_id, home_team_id, league_id, odd_id) VALUES (777, 1, true, 4, '2018-09-19 10:15:43', 3, 1, 7, 1, null);
INSERT INTO Betting_Db.game (id, away_score, finished, home_score, start_time, away_team_id, country_id, home_team_id, league_id, odd_id) VALUES (778, 2, true, 1, '2018-09-19 10:15:43', 9, 1, 3, 1, null);
INSERT INTO Betting_Db.game (id, away_score, finished, home_score, start_time, away_team_id, country_id, home_team_id, league_id, odd_id) VALUES (779, 0, true, 2, '2018-09-19 10:15:43', 6, 1, 1, 1, null);
INSERT INTO Betting_Db.game (id, away_score, finished, home_score, start_time, away_team_id, country_id, home_team_id, league_id, odd_id) VALUES (780, 3, true, 0, '2018-09-19 10:15:43', 32, 1, 30, 2, null);
INSERT INTO Betting_Db.game (id, away_score, finished, home_score, start_time, away_team_id, country_id, home_team_id, league_id, odd_id) VALUES (781, 3, true, 3, '2018-09-19 10:15:43', 33, 1, 27, 2, null);
INSERT INTO Betting_Db.game (id, away_score, finished, home_score, start_time, away_team_id, country_id, home_team_id, league_id, odd_id) VALUES (782, 2, true, 0, '2018-09-19 10:15:43', 9, 1, 2, 1, null);
INSERT INTO Betting_Db.game (id, away_score, finished, home_score, start_time, away_team_id, country_id, home_team_id, league_id, odd_id) VALUES (783, 2, true, 1, '2018-09-19 10:15:43', 10, 1, 2, 1, null);
INSERT INTO Betting_Db.game (id, away_score, finished, home_score, start_time, away_team_id, country_id, home_team_id, league_id, odd_id) VALUES (784, 3, true, 1, '2018-09-19 10:15:43', 39, 1, 46, 3, null);
INSERT INTO Betting_Db.game (id, away_score, finished, home_score, start_time, away_team_id, country_id, home_team_id, league_id, odd_id) VALUES (785, 2, true, 1, '2018-09-19 10:15:43', 48, 1, 43, 3, null);
INSERT INTO Betting_Db.game (id, away_score, finished, home_score, start_time, away_team_id, country_id, home_team_id, league_id, odd_id) VALUES (786, 0, true, 4, '2018-09-19 10:15:43', 2, 1, 7, 1, null);
INSERT INTO Betting_Db.game (id, away_score, finished, home_score, start_time, away_team_id, country_id, home_team_id, league_id, odd_id) VALUES (787, 0, true, 4, '2018-09-19 10:15:43', 44, 1, 43, 3, null);
INSERT INTO Betting_Db.game (id, away_score, finished, home_score, start_time, away_team_id, country_id, home_team_id, league_id, odd_id) VALUES (788, 0, true, 3, '2018-09-19 10:15:43', 4, 1, 8, 1, null);
INSERT INTO Betting_Db.game (id, away_score, finished, home_score, start_time, away_team_id, country_id, home_team_id, league_id, odd_id) VALUES (789, 3, true, 0, '2018-09-19 10:15:43', 41, 1, 46, 3, null);
INSERT INTO Betting_Db.game (id, away_score, finished, home_score, start_time, away_team_id, country_id, home_team_id, league_id, odd_id) VALUES (790, 2, true, 0, '2018-09-19 10:15:43', 38, 1, 37, 3, null);
INSERT INTO Betting_Db.game (id, away_score, finished, home_score, start_time, away_team_id, country_id, home_team_id, league_id, odd_id) VALUES (791, 4, true, 2, '2018-09-19 10:15:43', 1, 1, 5, 1, null);
INSERT INTO Betting_Db.game (id, away_score, finished, home_score, start_time, away_team_id, country_id, home_team_id, league_id, odd_id) VALUES (792, 1, true, 0, '2018-09-19 10:15:43', 4, 1, 5, 1, null);
INSERT INTO Betting_Db.game (id, away_score, finished, home_score, start_time, away_team_id, country_id, home_team_id, league_id, odd_id) VALUES (793, 4, true, 4, '2018-09-19 10:15:43', 1, 1, 7, 1, null);
INSERT INTO Betting_Db.game (id, away_score, finished, home_score, start_time, away_team_id, country_id, home_team_id, league_id, odd_id) VALUES (794, 4, true, 0, '2018-09-19 10:15:43', 32, 1, 26, 2, null);
INSERT INTO Betting_Db.game (id, away_score, finished, home_score, start_time, away_team_id, country_id, home_team_id, league_id, odd_id) VALUES (795, 0, true, 4, '2018-09-19 10:15:43', 41, 1, 47, 3, null);
INSERT INTO Betting_Db.game (id, away_score, finished, home_score, start_time, away_team_id, country_id, home_team_id, league_id, odd_id) VALUES (796, 0, true, 1, '2018-09-19 10:15:43', 5, 1, 2, 1, null);
INSERT INTO Betting_Db.game (id, away_score, finished, home_score, start_time, away_team_id, country_id, home_team_id, league_id, odd_id) VALUES (797, 0, true, 3, '2018-09-19 10:15:43', 41, 1, 38, 3, null);
INSERT INTO Betting_Db.game (id, away_score, finished, home_score, start_time, away_team_id, country_id, home_team_id, league_id, odd_id) VALUES (798, 1, true, 3, '2018-09-19 10:15:43', 48, 1, 43, 3, null);
INSERT INTO Betting_Db.game (id, away_score, finished, home_score, start_time, away_team_id, country_id, home_team_id, league_id, odd_id) VALUES (799, 2, true, 2, '2018-09-19 10:15:43', 30, 1, 33, 2, null);
INSERT INTO Betting_Db.game (id, away_score, finished, home_score, start_time, away_team_id, country_id, home_team_id, league_id, odd_id) VALUES (800, 2, true, 4, '2018-09-19 10:15:43', 40, 1, 50, 3, null);
INSERT INTO Betting_Db.game (id, away_score, finished, home_score, start_time, away_team_id, country_id, home_team_id, league_id, odd_id) VALUES (801, 1, true, 2, '2018-09-19 10:15:44', 45, 1, 40, 3, null);
INSERT INTO Betting_Db.game (id, away_score, finished, home_score, start_time, away_team_id, country_id, home_team_id, league_id, odd_id) VALUES (802, 2, true, 3, '2018-09-19 10:15:44', 34, 1, 35, 2, null);
INSERT INTO Betting_Db.game (id, away_score, finished, home_score, start_time, away_team_id, country_id, home_team_id, league_id, odd_id) VALUES (803, 1, true, 4, '2018-09-19 10:15:44', 5, 1, 7, 1, null);
INSERT INTO Betting_Db.game (id, away_score, finished, home_score, start_time, away_team_id, country_id, home_team_id, league_id, odd_id) VALUES (804, 0, true, 3, '2018-09-19 10:15:44', 37, 1, 45, 3, null);
INSERT INTO Betting_Db.game (id, away_score, finished, home_score, start_time, away_team_id, country_id, home_team_id, league_id, odd_id) VALUES (805, 3, true, 2, '2018-09-19 10:15:44', 47, 1, 45, 3, null);
INSERT INTO Betting_Db.game (id, away_score, finished, home_score, start_time, away_team_id, country_id, home_team_id, league_id, odd_id) VALUES (806, 4, true, 1, '2018-09-19 10:15:44', 47, 1, 45, 3, null);
INSERT INTO Betting_Db.game (id, away_score, finished, home_score, start_time, away_team_id, country_id, home_team_id, league_id, odd_id) VALUES (807, 3, true, 0, '2018-09-19 10:15:44', 25, 1, 28, 2, null);
INSERT INTO Betting_Db.game (id, away_score, finished, home_score, start_time, away_team_id, country_id, home_team_id, league_id, odd_id) VALUES (808, 3, true, 0, '2018-09-19 10:15:44', 43, 1, 39, 3, null);
INSERT INTO Betting_Db.game (id, away_score, finished, home_score, start_time, away_team_id, country_id, home_team_id, league_id, odd_id) VALUES (809, 2, true, 4, '2018-09-19 10:15:44', 5, 1, 4, 1, null);
INSERT INTO Betting_Db.game (id, away_score, finished, home_score, start_time, away_team_id, country_id, home_team_id, league_id, odd_id) VALUES (810, 4, true, 4, '2018-09-19 10:15:44', 9, 1, 1, 1, null);
INSERT INTO Betting_Db.game (id, away_score, finished, home_score, start_time, away_team_id, country_id, home_team_id, league_id, odd_id) VALUES (811, 0, true, 1, '2018-09-19 10:15:44', 43, 1, 50, 3, null);
INSERT INTO Betting_Db.game (id, away_score, finished, home_score, start_time, away_team_id, country_id, home_team_id, league_id, odd_id) VALUES (812, 0, true, 4, '2018-09-19 10:15:44', 44, 1, 42, 3, null);
INSERT INTO Betting_Db.game (id, away_score, finished, home_score, start_time, away_team_id, country_id, home_team_id, league_id, odd_id) VALUES (813, 2, true, 0, '2018-09-19 10:15:44', 41, 1, 49, 3, null);
INSERT INTO Betting_Db.game (id, away_score, finished, home_score, start_time, away_team_id, country_id, home_team_id, league_id, odd_id) VALUES (814, 4, true, 3, '2018-09-19 10:15:44', 48, 1, 37, 3, null);
INSERT INTO Betting_Db.game (id, away_score, finished, home_score, start_time, away_team_id, country_id, home_team_id, league_id, odd_id) VALUES (815, 2, true, 1, '2018-09-19 10:15:44', 2, 1, 9, 1, null);
INSERT INTO Betting_Db.game (id, away_score, finished, home_score, start_time, away_team_id, country_id, home_team_id, league_id, odd_id) VALUES (816, 4, true, 2, '2018-09-19 10:15:44', 44, 1, 39, 3, null);
INSERT INTO Betting_Db.game (id, away_score, finished, home_score, start_time, away_team_id, country_id, home_team_id, league_id, odd_id) VALUES (817, 3, true, 1, '2018-09-19 10:15:44', 32, 1, 33, 2, null);
INSERT INTO Betting_Db.game (id, away_score, finished, home_score, start_time, away_team_id, country_id, home_team_id, league_id, odd_id) VALUES (818, 4, true, 3, '2018-09-19 10:15:44', 49, 1, 44, 3, null);
INSERT INTO Betting_Db.game (id, away_score, finished, home_score, start_time, away_team_id, country_id, home_team_id, league_id, odd_id) VALUES (819, 0, true, 1, '2018-09-19 10:15:44', 27, 1, 28, 2, null);
INSERT INTO Betting_Db.game (id, away_score, finished, home_score, start_time, away_team_id, country_id, home_team_id, league_id, odd_id) VALUES (820, 3, true, 4, '2018-09-19 10:15:44', 44, 1, 48, 3, null);
INSERT INTO Betting_Db.game (id, away_score, finished, home_score, start_time, away_team_id, country_id, home_team_id, league_id, odd_id) VALUES (821, 0, true, 2, '2018-09-19 10:15:44', 44, 1, 39, 3, null);
INSERT INTO Betting_Db.game (id, away_score, finished, home_score, start_time, away_team_id, country_id, home_team_id, league_id, odd_id) VALUES (822, 1, true, 4, '2018-09-19 10:15:44', 27, 1, 35, 2, null);
INSERT INTO Betting_Db.game (id, away_score, finished, home_score, start_time, away_team_id, country_id, home_team_id, league_id, odd_id) VALUES (823, 2, true, 2, '2018-09-19 10:15:44', 1, 1, 7, 1, null);
INSERT INTO Betting_Db.game (id, away_score, finished, home_score, start_time, away_team_id, country_id, home_team_id, league_id, odd_id) VALUES (824, 0, true, 2, '2018-09-19 10:15:44', 37, 1, 40, 3, null);
INSERT INTO Betting_Db.game (id, away_score, finished, home_score, start_time, away_team_id, country_id, home_team_id, league_id, odd_id) VALUES (825, 1, true, 1, '2018-09-19 10:15:44', 46, 1, 38, 3, null);
INSERT INTO Betting_Db.game (id, away_score, finished, home_score, start_time, away_team_id, country_id, home_team_id, league_id, odd_id) VALUES (826, 1, true, 0, '2018-09-19 10:15:44', 32, 1, 34, 2, null);
INSERT INTO Betting_Db.game (id, away_score, finished, home_score, start_time, away_team_id, country_id, home_team_id, league_id, odd_id) VALUES (827, 3, true, 0, '2018-09-19 10:15:44', 38, 1, 48, 3, null);
INSERT INTO Betting_Db.game (id, away_score, finished, home_score, start_time, away_team_id, country_id, home_team_id, league_id, odd_id) VALUES (828, 0, true, 4, '2018-09-19 10:15:44', 31, 1, 29, 2, null);
INSERT INTO Betting_Db.game (id, away_score, finished, home_score, start_time, away_team_id, country_id, home_team_id, league_id, odd_id) VALUES (829, 4, true, 2, '2018-09-19 10:15:44', 31, 1, 28, 2, null);
INSERT INTO Betting_Db.game (id, away_score, finished, home_score, start_time, away_team_id, country_id, home_team_id, league_id, odd_id) VALUES (830, 0, true, 2, '2018-09-19 10:15:44', 4, 1, 1, 1, null);
INSERT INTO Betting_Db.game (id, away_score, finished, home_score, start_time, away_team_id, country_id, home_team_id, league_id, odd_id) VALUES (831, 1, true, 1, '2018-09-19 10:15:44', 31, 1, 27, 2, null);
INSERT INTO Betting_Db.game (id, away_score, finished, home_score, start_time, away_team_id, country_id, home_team_id, league_id, odd_id) VALUES (832, 3, true, 0, '2018-09-19 10:15:44', 37, 1, 41, 3, null);
INSERT INTO Betting_Db.game (id, away_score, finished, home_score, start_time, away_team_id, country_id, home_team_id, league_id, odd_id) VALUES (833, 0, true, 4, '2018-09-19 10:15:44', 4, 1, 10, 1, null);
INSERT INTO Betting_Db.game (id, away_score, finished, home_score, start_time, away_team_id, country_id, home_team_id, league_id, odd_id) VALUES (834, 1, true, 3, '2018-09-19 10:15:44', 10, 1, 2, 1, null);
INSERT INTO Betting_Db.game (id, away_score, finished, home_score, start_time, away_team_id, country_id, home_team_id, league_id, odd_id) VALUES (835, 4, true, 3, '2018-09-19 10:15:44', 35, 1, 30, 2, null);
INSERT INTO Betting_Db.game (id, away_score, finished, home_score, start_time, away_team_id, country_id, home_team_id, league_id, odd_id) VALUES (836, 3, true, 2, '2018-09-19 10:15:44', 27, 1, 33, 2, null);
INSERT INTO Betting_Db.game (id, away_score, finished, home_score, start_time, away_team_id, country_id, home_team_id, league_id, odd_id) VALUES (837, 4, true, 3, '2018-09-19 10:15:44', 34, 1, 27, 2, null);
INSERT INTO Betting_Db.game (id, away_score, finished, home_score, start_time, away_team_id, country_id, home_team_id, league_id, odd_id) VALUES (838, 2, true, 1, '2018-09-19 10:15:44', 34, 1, 25, 2, null);
INSERT INTO Betting_Db.game (id, away_score, finished, home_score, start_time, away_team_id, country_id, home_team_id, league_id, odd_id) VALUES (839, 4, true, 4, '2018-09-19 10:15:44', 28, 1, 27, 2, null);
INSERT INTO Betting_Db.game (id, away_score, finished, home_score, start_time, away_team_id, country_id, home_team_id, league_id, odd_id) VALUES (840, 3, true, 4, '2018-09-19 10:15:44', 46, 1, 50, 3, null);
INSERT INTO Betting_Db.game (id, away_score, finished, home_score, start_time, away_team_id, country_id, home_team_id, league_id, odd_id) VALUES (841, 4, true, 4, '2018-09-19 10:15:44', 33, 1, 28, 2, null);
INSERT INTO Betting_Db.game (id, away_score, finished, home_score, start_time, away_team_id, country_id, home_team_id, league_id, odd_id) VALUES (842, 2, true, 1, '2018-09-19 10:15:44', 9, 1, 10, 1, null);
INSERT INTO Betting_Db.game (id, away_score, finished, home_score, start_time, away_team_id, country_id, home_team_id, league_id, odd_id) VALUES (843, 3, true, 3, '2018-09-19 10:15:44', 40, 1, 47, 3, null);
INSERT INTO Betting_Db.game (id, away_score, finished, home_score, start_time, away_team_id, country_id, home_team_id, league_id, odd_id) VALUES (844, 4, true, 2, '2018-09-19 10:15:44', 45, 1, 46, 3, null);
INSERT INTO Betting_Db.game (id, away_score, finished, home_score, start_time, away_team_id, country_id, home_team_id, league_id, odd_id) VALUES (845, 4, true, 3, '2018-09-19 10:15:44', 50, 1, 45, 3, null);
INSERT INTO Betting_Db.game (id, away_score, finished, home_score, start_time, away_team_id, country_id, home_team_id, league_id, odd_id) VALUES (846, 4, true, 0, '2018-09-19 10:15:44', 37, 1, 49, 3, null);
INSERT INTO Betting_Db.game (id, away_score, finished, home_score, start_time, away_team_id, country_id, home_team_id, league_id, odd_id) VALUES (847, 1, true, 2, '2018-09-19 10:15:44', 5, 1, 10, 1, null);
INSERT INTO Betting_Db.game (id, away_score, finished, home_score, start_time, away_team_id, country_id, home_team_id, league_id, odd_id) VALUES (848, 0, true, 4, '2018-09-19 10:15:44', 3, 1, 2, 1, null);
INSERT INTO Betting_Db.game (id, away_score, finished, home_score, start_time, away_team_id, country_id, home_team_id, league_id, odd_id) VALUES (849, 0, true, 2, '2018-09-19 10:15:44', 33, 1, 35, 2, null);
INSERT INTO Betting_Db.game (id, away_score, finished, home_score, start_time, away_team_id, country_id, home_team_id, league_id, odd_id) VALUES (850, 2, true, 0, '2018-09-19 10:15:44', 45, 1, 46, 3, null);
INSERT INTO Betting_Db.game (id, away_score, finished, home_score, start_time, away_team_id, country_id, home_team_id, league_id, odd_id) VALUES (851, 2, true, 0, '2018-09-19 10:15:44', 2, 1, 8, 1, null);
INSERT INTO Betting_Db.game (id, away_score, finished, home_score, start_time, away_team_id, country_id, home_team_id, league_id, odd_id) VALUES (852, 2, true, 1, '2018-09-19 10:15:44', 26, 1, 27, 2, null);
INSERT INTO Betting_Db.game (id, away_score, finished, home_score, start_time, away_team_id, country_id, home_team_id, league_id, odd_id) VALUES (853, 4, true, 4, '2018-09-19 10:15:44', 26, 1, 28, 2, null);
INSERT INTO Betting_Db.game (id, away_score, finished, home_score, start_time, away_team_id, country_id, home_team_id, league_id, odd_id) VALUES (854, 0, true, 4, '2018-09-19 10:15:44', 29, 1, 33, 2, null);
INSERT INTO Betting_Db.game (id, away_score, finished, home_score, start_time, away_team_id, country_id, home_team_id, league_id, odd_id) VALUES (855, 0, true, 2, '2018-09-19 10:15:44', 7, 1, 8, 1, null);
INSERT INTO Betting_Db.game (id, away_score, finished, home_score, start_time, away_team_id, country_id, home_team_id, league_id, odd_id) VALUES (856, 1, true, 1, '2018-09-19 10:15:44', 38, 1, 36, 3, null);
INSERT INTO Betting_Db.game (id, away_score, finished, home_score, start_time, away_team_id, country_id, home_team_id, league_id, odd_id) VALUES (857, 1, true, 1, '2018-09-19 10:15:44', 39, 1, 47, 3, null);
INSERT INTO Betting_Db.game (id, away_score, finished, home_score, start_time, away_team_id, country_id, home_team_id, league_id, odd_id) VALUES (858, 2, true, 0, '2018-09-19 10:15:44', 8, 1, 3, 1, null);
INSERT INTO Betting_Db.game (id, away_score, finished, home_score, start_time, away_team_id, country_id, home_team_id, league_id, odd_id) VALUES (859, 2, true, 1, '2018-09-19 10:15:44', 8, 1, 10, 1, null);
INSERT INTO Betting_Db.game (id, away_score, finished, home_score, start_time, away_team_id, country_id, home_team_id, league_id, odd_id) VALUES (860, 2, true, 4, '2018-09-19 10:15:44', 32, 1, 33, 2, null);
INSERT INTO Betting_Db.game (id, away_score, finished, home_score, start_time, away_team_id, country_id, home_team_id, league_id, odd_id) VALUES (861, 0, true, 0, '2018-09-19 10:15:44', 27, 1, 35, 2, null);
INSERT INTO Betting_Db.game (id, away_score, finished, home_score, start_time, away_team_id, country_id, home_team_id, league_id, odd_id) VALUES (862, 3, true, 0, '2018-09-19 10:15:44', 30, 1, 25, 2, null);
INSERT INTO Betting_Db.game (id, away_score, finished, home_score, start_time, away_team_id, country_id, home_team_id, league_id, odd_id) VALUES (863, 3, true, 3, '2018-09-19 10:15:44', 44, 1, 36, 3, null);
INSERT INTO Betting_Db.game (id, away_score, finished, home_score, start_time, away_team_id, country_id, home_team_id, league_id, odd_id) VALUES (864, 2, true, 1, '2018-09-19 10:15:44', 26, 1, 31, 2, null);
INSERT INTO Betting_Db.game (id, away_score, finished, home_score, start_time, away_team_id, country_id, home_team_id, league_id, odd_id) VALUES (865, 0, true, 3, '2018-09-19 10:15:44', 46, 1, 49, 3, null);
INSERT INTO Betting_Db.game (id, away_score, finished, home_score, start_time, away_team_id, country_id, home_team_id, league_id, odd_id) VALUES (866, 4, true, 2, '2018-09-19 10:15:44', 44, 1, 46, 3, null);
INSERT INTO Betting_Db.game (id, away_score, finished, home_score, start_time, away_team_id, country_id, home_team_id, league_id, odd_id) VALUES (867, 1, true, 2, '2018-09-19 10:15:44', 10, 1, 2, 1, null);
INSERT INTO Betting_Db.game (id, away_score, finished, home_score, start_time, away_team_id, country_id, home_team_id, league_id, odd_id) VALUES (868, 2, true, 4, '2018-09-19 10:15:44', 29, 1, 33, 2, null);
INSERT INTO Betting_Db.game (id, away_score, finished, home_score, start_time, away_team_id, country_id, home_team_id, league_id, odd_id) VALUES (869, 4, true, 4, '2018-09-19 10:15:44', 28, 1, 32, 2, null);
INSERT INTO Betting_Db.game (id, away_score, finished, home_score, start_time, away_team_id, country_id, home_team_id, league_id, odd_id) VALUES (870, 0, true, 0, '2018-09-19 10:15:44', 9, 1, 5, 1, null);
INSERT INTO Betting_Db.game (id, away_score, finished, home_score, start_time, away_team_id, country_id, home_team_id, league_id, odd_id) VALUES (871, 4, true, 4, '2018-09-19 10:15:44', 6, 1, 3, 1, null);
INSERT INTO Betting_Db.game (id, away_score, finished, home_score, start_time, away_team_id, country_id, home_team_id, league_id, odd_id) VALUES (872, 0, true, 1, '2018-09-19 10:15:44', 30, 1, 28, 2, null);
INSERT INTO Betting_Db.game (id, away_score, finished, home_score, start_time, away_team_id, country_id, home_team_id, league_id, odd_id) VALUES (873, 1, true, 2, '2018-09-19 10:15:44', 47, 1, 38, 3, null);
INSERT INTO Betting_Db.game (id, away_score, finished, home_score, start_time, away_team_id, country_id, home_team_id, league_id, odd_id) VALUES (874, 2, true, 0, '2018-09-19 10:15:44', 33, 1, 29, 2, null);
INSERT INTO Betting_Db.game (id, away_score, finished, home_score, start_time, away_team_id, country_id, home_team_id, league_id, odd_id) VALUES (875, 4, true, 3, '2018-09-19 10:15:44', 32, 1, 33, 2, null);
INSERT INTO Betting_Db.game (id, away_score, finished, home_score, start_time, away_team_id, country_id, home_team_id, league_id, odd_id) VALUES (876, 4, true, 0, '2018-09-19 10:15:44', 46, 1, 50, 3, null);
INSERT INTO Betting_Db.game (id, away_score, finished, home_score, start_time, away_team_id, country_id, home_team_id, league_id, odd_id) VALUES (877, 2, true, 2, '2018-09-19 10:15:44', 47, 1, 46, 3, null);
INSERT INTO Betting_Db.game (id, away_score, finished, home_score, start_time, away_team_id, country_id, home_team_id, league_id, odd_id) VALUES (878, 0, true, 4, '2018-09-19 10:15:44', 47, 1, 49, 3, null);
INSERT INTO Betting_Db.game (id, away_score, finished, home_score, start_time, away_team_id, country_id, home_team_id, league_id, odd_id) VALUES (879, 3, true, 4, '2018-09-19 10:15:44', 29, 1, 30, 2, null);
INSERT INTO Betting_Db.game (id, away_score, finished, home_score, start_time, away_team_id, country_id, home_team_id, league_id, odd_id) VALUES (880, 1, true, 2, '2018-09-19 10:15:44', 40, 1, 43, 3, null);
INSERT INTO Betting_Db.game (id, away_score, finished, home_score, start_time, away_team_id, country_id, home_team_id, league_id, odd_id) VALUES (881, 3, true, 2, '2018-09-19 10:15:44', 47, 1, 45, 3, null);
INSERT INTO Betting_Db.game (id, away_score, finished, home_score, start_time, away_team_id, country_id, home_team_id, league_id, odd_id) VALUES (882, 1, true, 4, '2018-09-19 10:15:44', 44, 1, 47, 3, null);
INSERT INTO Betting_Db.game (id, away_score, finished, home_score, start_time, away_team_id, country_id, home_team_id, league_id, odd_id) VALUES (883, 2, true, 3, '2018-09-19 10:15:44', 33, 1, 25, 2, null);
INSERT INTO Betting_Db.game (id, away_score, finished, home_score, start_time, away_team_id, country_id, home_team_id, league_id, odd_id) VALUES (884, 0, true, 3, '2018-09-19 10:15:44', 33, 1, 35, 2, null);
INSERT INTO Betting_Db.game (id, away_score, finished, home_score, start_time, away_team_id, country_id, home_team_id, league_id, odd_id) VALUES (885, 0, true, 4, '2018-09-19 10:15:44', 36, 1, 43, 3, null);
INSERT INTO Betting_Db.game (id, away_score, finished, home_score, start_time, away_team_id, country_id, home_team_id, league_id, odd_id) VALUES (886, 0, true, 3, '2018-09-19 10:15:44', 8, 1, 4, 1, null);
INSERT INTO Betting_Db.game (id, away_score, finished, home_score, start_time, away_team_id, country_id, home_team_id, league_id, odd_id) VALUES (887, 2, true, 3, '2018-09-19 10:15:44', 33, 1, 30, 2, null);
INSERT INTO Betting_Db.game (id, away_score, finished, home_score, start_time, away_team_id, country_id, home_team_id, league_id, odd_id) VALUES (888, 0, true, 3, '2018-09-19 10:15:44', 33, 1, 31, 2, null);
INSERT INTO Betting_Db.game (id, away_score, finished, home_score, start_time, away_team_id, country_id, home_team_id, league_id, odd_id) VALUES (889, 4, true, 2, '2018-09-19 10:15:44', 5, 1, 6, 1, null);
INSERT INTO Betting_Db.game (id, away_score, finished, home_score, start_time, away_team_id, country_id, home_team_id, league_id, odd_id) VALUES (890, 2, true, 4, '2018-09-19 10:15:44', 28, 1, 34, 2, null);
INSERT INTO Betting_Db.game (id, away_score, finished, home_score, start_time, away_team_id, country_id, home_team_id, league_id, odd_id) VALUES (891, 2, true, 3, '2018-09-19 10:15:44', 26, 1, 32, 2, null);
INSERT INTO Betting_Db.game (id, away_score, finished, home_score, start_time, away_team_id, country_id, home_team_id, league_id, odd_id) VALUES (892, 3, true, 3, '2018-09-19 10:15:44', 40, 1, 50, 3, null);
INSERT INTO Betting_Db.game (id, away_score, finished, home_score, start_time, away_team_id, country_id, home_team_id, league_id, odd_id) VALUES (893, 3, true, 3, '2018-09-19 10:15:44', 43, 1, 46, 3, null);
INSERT INTO Betting_Db.game (id, away_score, finished, home_score, start_time, away_team_id, country_id, home_team_id, league_id, odd_id) VALUES (894, 1, true, 0, '2018-09-19 10:15:44', 5, 1, 6, 1, null);
INSERT INTO Betting_Db.game (id, away_score, finished, home_score, start_time, away_team_id, country_id, home_team_id, league_id, odd_id) VALUES (895, 2, true, 4, '2018-09-19 10:15:44', 7, 1, 2, 1, null);
INSERT INTO Betting_Db.game (id, away_score, finished, home_score, start_time, away_team_id, country_id, home_team_id, league_id, odd_id) VALUES (896, 1, true, 2, '2018-09-19 10:15:44', 36, 1, 42, 3, null);
INSERT INTO Betting_Db.game (id, away_score, finished, home_score, start_time, away_team_id, country_id, home_team_id, league_id, odd_id) VALUES (897, 3, true, 2, '2018-09-19 10:15:44', 44, 1, 50, 3, null);
INSERT INTO Betting_Db.game (id, away_score, finished, home_score, start_time, away_team_id, country_id, home_team_id, league_id, odd_id) VALUES (898, 4, true, 1, '2018-09-19 10:15:44', 39, 1, 44, 3, null);
INSERT INTO Betting_Db.game (id, away_score, finished, home_score, start_time, away_team_id, country_id, home_team_id, league_id, odd_id) VALUES (899, 4, true, 3, '2018-09-19 10:15:44', 26, 1, 29, 2, null);
INSERT INTO Betting_Db.game (id, away_score, finished, home_score, start_time, away_team_id, country_id, home_team_id, league_id, odd_id) VALUES (900, 3, true, 1, '2018-09-19 10:15:44', 3, 1, 8, 1, null);
INSERT INTO Betting_Db.game (id, away_score, finished, home_score, start_time, away_team_id, country_id, home_team_id, league_id, odd_id) VALUES (901, 3, true, 3, '2018-09-19 10:15:44', 42, 1, 47, 3, null);
INSERT INTO Betting_Db.game (id, away_score, finished, home_score, start_time, away_team_id, country_id, home_team_id, league_id, odd_id) VALUES (902, 2, true, 0, '2018-09-19 10:15:44', 2, 1, 9, 1, null);
INSERT INTO Betting_Db.game (id, away_score, finished, home_score, start_time, away_team_id, country_id, home_team_id, league_id, odd_id) VALUES (903, 3, true, 4, '2018-09-19 10:15:44', 40, 1, 41, 3, null);
INSERT INTO Betting_Db.game (id, away_score, finished, home_score, start_time, away_team_id, country_id, home_team_id, league_id, odd_id) VALUES (904, 1, true, 2, '2018-09-19 10:15:44', 32, 1, 26, 2, null);
INSERT INTO Betting_Db.game (id, away_score, finished, home_score, start_time, away_team_id, country_id, home_team_id, league_id, odd_id) VALUES (905, 1, true, 2, '2018-09-19 10:15:44', 30, 1, 32, 2, null);
INSERT INTO Betting_Db.game (id, away_score, finished, home_score, start_time, away_team_id, country_id, home_team_id, league_id, odd_id) VALUES (906, 2, true, 3, '2018-09-19 10:15:44', 35, 1, 28, 2, null);
INSERT INTO Betting_Db.game (id, away_score, finished, home_score, start_time, away_team_id, country_id, home_team_id, league_id, odd_id) VALUES (907, 0, true, 4, '2018-09-19 10:15:44', 29, 1, 32, 2, null);
INSERT INTO Betting_Db.game (id, away_score, finished, home_score, start_time, away_team_id, country_id, home_team_id, league_id, odd_id) VALUES (908, 4, true, 3, '2018-09-19 10:15:44', 30, 1, 25, 2, null);
INSERT INTO Betting_Db.game (id, away_score, finished, home_score, start_time, away_team_id, country_id, home_team_id, league_id, odd_id) VALUES (909, 2, true, 0, '2018-09-19 10:15:44', 49, 1, 50, 3, null);
INSERT INTO Betting_Db.game (id, away_score, finished, home_score, start_time, away_team_id, country_id, home_team_id, league_id, odd_id) VALUES (910, 4, true, 1, '2018-09-19 10:15:44', 31, 1, 29, 2, null);
INSERT INTO Betting_Db.game (id, away_score, finished, home_score, start_time, away_team_id, country_id, home_team_id, league_id, odd_id) VALUES (911, 2, true, 3, '2018-09-19 10:15:44', 4, 1, 9, 1, null);
INSERT INTO Betting_Db.game (id, away_score, finished, home_score, start_time, away_team_id, country_id, home_team_id, league_id, odd_id) VALUES (912, 3, true, 2, '2018-09-19 10:15:44', 38, 1, 44, 3, null);
INSERT INTO Betting_Db.game (id, away_score, finished, home_score, start_time, away_team_id, country_id, home_team_id, league_id, odd_id) VALUES (913, 0, true, 2, '2018-09-19 10:15:44', 30, 1, 32, 2, null);
INSERT INTO Betting_Db.game (id, away_score, finished, home_score, start_time, away_team_id, country_id, home_team_id, league_id, odd_id) VALUES (914, 2, true, 2, '2018-09-19 10:15:44', 25, 1, 32, 2, null);
INSERT INTO Betting_Db.game (id, away_score, finished, home_score, start_time, away_team_id, country_id, home_team_id, league_id, odd_id) VALUES (915, 0, true, 3, '2018-09-19 10:15:44', 31, 1, 34, 2, null);
INSERT INTO Betting_Db.game (id, away_score, finished, home_score, start_time, away_team_id, country_id, home_team_id, league_id, odd_id) VALUES (916, 1, true, 4, '2018-09-19 10:15:44', 32, 1, 33, 2, null);
INSERT INTO Betting_Db.game (id, away_score, finished, home_score, start_time, away_team_id, country_id, home_team_id, league_id, odd_id) VALUES (917, 4, true, 2, '2018-09-19 10:15:44', 4, 1, 8, 1, null);
INSERT INTO Betting_Db.game (id, away_score, finished, home_score, start_time, away_team_id, country_id, home_team_id, league_id, odd_id) VALUES (918, 2, true, 0, '2018-09-19 10:15:44', 30, 1, 25, 2, null);
INSERT INTO Betting_Db.game (id, away_score, finished, home_score, start_time, away_team_id, country_id, home_team_id, league_id, odd_id) VALUES (919, 3, true, 1, '2018-09-19 10:15:44', 33, 1, 31, 2, null);
INSERT INTO Betting_Db.game (id, away_score, finished, home_score, start_time, away_team_id, country_id, home_team_id, league_id, odd_id) VALUES (920, 3, true, 3, '2018-09-19 10:15:44', 4, 1, 6, 1, null);
INSERT INTO Betting_Db.game (id, away_score, finished, home_score, start_time, away_team_id, country_id, home_team_id, league_id, odd_id) VALUES (921, 0, true, 3, '2018-09-19 10:15:44', 26, 1, 28, 2, null);
INSERT INTO Betting_Db.game (id, away_score, finished, home_score, start_time, away_team_id, country_id, home_team_id, league_id, odd_id) VALUES (922, 2, true, 4, '2018-09-19 10:15:44', 10, 1, 6, 1, null);
INSERT INTO Betting_Db.game (id, away_score, finished, home_score, start_time, away_team_id, country_id, home_team_id, league_id, odd_id) VALUES (923, 4, true, 0, '2018-09-19 10:15:44', 7, 1, 9, 1, null);
INSERT INTO Betting_Db.game (id, away_score, finished, home_score, start_time, away_team_id, country_id, home_team_id, league_id, odd_id) VALUES (924, 0, true, 1, '2018-09-19 10:15:44', 5, 1, 9, 1, null);
INSERT INTO Betting_Db.game (id, away_score, finished, home_score, start_time, away_team_id, country_id, home_team_id, league_id, odd_id) VALUES (925, 4, true, 2, '2018-09-19 10:15:44', 49, 1, 46, 3, null);
INSERT INTO Betting_Db.game (id, away_score, finished, home_score, start_time, away_team_id, country_id, home_team_id, league_id, odd_id) VALUES (926, 2, true, 0, '2018-09-19 10:15:44', 29, 1, 26, 2, null);
INSERT INTO Betting_Db.game (id, away_score, finished, home_score, start_time, away_team_id, country_id, home_team_id, league_id, odd_id) VALUES (927, 0, true, 0, '2018-09-19 10:15:44', 36, 1, 42, 3, null);
INSERT INTO Betting_Db.game (id, away_score, finished, home_score, start_time, away_team_id, country_id, home_team_id, league_id, odd_id) VALUES (928, 0, true, 1, '2018-09-19 10:15:44', 36, 1, 42, 3, null);
INSERT INTO Betting_Db.game (id, away_score, finished, home_score, start_time, away_team_id, country_id, home_team_id, league_id, odd_id) VALUES (929, 0, true, 4, '2018-09-19 10:15:44', 9, 1, 10, 1, null);
INSERT INTO Betting_Db.game (id, away_score, finished, home_score, start_time, away_team_id, country_id, home_team_id, league_id, odd_id) VALUES (930, 3, true, 0, '2018-09-19 10:15:44', 10, 1, 4, 1, null);
INSERT INTO Betting_Db.game (id, away_score, finished, home_score, start_time, away_team_id, country_id, home_team_id, league_id, odd_id) VALUES (931, 4, true, 2, '2018-09-19 10:15:44', 32, 1, 27, 2, null);
INSERT INTO Betting_Db.game (id, away_score, finished, home_score, start_time, away_team_id, country_id, home_team_id, league_id, odd_id) VALUES (932, 0, true, 2, '2018-09-19 10:15:44', 9, 1, 6, 1, null);
INSERT INTO Betting_Db.game (id, away_score, finished, home_score, start_time, away_team_id, country_id, home_team_id, league_id, odd_id) VALUES (933, 2, true, 1, '2018-09-19 10:15:44', 43, 1, 42, 3, null);
INSERT INTO Betting_Db.game (id, away_score, finished, home_score, start_time, away_team_id, country_id, home_team_id, league_id, odd_id) VALUES (934, 1, true, 0, '2018-09-19 10:15:44', 29, 1, 35, 2, null);
INSERT INTO Betting_Db.game (id, away_score, finished, home_score, start_time, away_team_id, country_id, home_team_id, league_id, odd_id) VALUES (935, 2, true, 4, '2018-09-19 10:15:44', 10, 1, 7, 1, null);
INSERT INTO Betting_Db.game (id, away_score, finished, home_score, start_time, away_team_id, country_id, home_team_id, league_id, odd_id) VALUES (936, 2, true, 4, '2018-09-19 10:15:44', 33, 1, 25, 2, null);
INSERT INTO Betting_Db.game (id, away_score, finished, home_score, start_time, away_team_id, country_id, home_team_id, league_id, odd_id) VALUES (937, 0, true, 4, '2018-09-19 10:15:44', 34, 1, 31, 2, null);
INSERT INTO Betting_Db.game (id, away_score, finished, home_score, start_time, away_team_id, country_id, home_team_id, league_id, odd_id) VALUES (938, 4, true, 4, '2018-09-19 10:15:44', 10, 1, 2, 1, null);
INSERT INTO Betting_Db.game (id, away_score, finished, home_score, start_time, away_team_id, country_id, home_team_id, league_id, odd_id) VALUES (939, 4, true, 1, '2018-09-19 10:15:44', 33, 1, 28, 2, null);
INSERT INTO Betting_Db.game (id, away_score, finished, home_score, start_time, away_team_id, country_id, home_team_id, league_id, odd_id) VALUES (940, 3, true, 4, '2018-09-19 10:15:44', 29, 1, 27, 2, null);
INSERT INTO Betting_Db.game (id, away_score, finished, home_score, start_time, away_team_id, country_id, home_team_id, league_id, odd_id) VALUES (941, 0, true, 0, '2018-09-19 10:15:45', 2, 1, 4, 1, null);
INSERT INTO Betting_Db.game (id, away_score, finished, home_score, start_time, away_team_id, country_id, home_team_id, league_id, odd_id) VALUES (942, 0, true, 3, '2018-09-19 10:15:45', 10, 1, 3, 1, null);
INSERT INTO Betting_Db.game (id, away_score, finished, home_score, start_time, away_team_id, country_id, home_team_id, league_id, odd_id) VALUES (943, 1, true, 1, '2018-09-19 10:15:45', 39, 1, 36, 3, null);
INSERT INTO Betting_Db.game (id, away_score, finished, home_score, start_time, away_team_id, country_id, home_team_id, league_id, odd_id) VALUES (944, 3, true, 4, '2018-09-19 10:15:45', 1, 1, 2, 1, null);
INSERT INTO Betting_Db.game (id, away_score, finished, home_score, start_time, away_team_id, country_id, home_team_id, league_id, odd_id) VALUES (945, 2, true, 0, '2018-09-19 10:15:45', 4, 1, 5, 1, null);
INSERT INTO Betting_Db.game (id, away_score, finished, home_score, start_time, away_team_id, country_id, home_team_id, league_id, odd_id) VALUES (946, 2, true, 3, '2018-09-19 10:15:45', 39, 1, 49, 3, null);
INSERT INTO Betting_Db.game (id, away_score, finished, home_score, start_time, away_team_id, country_id, home_team_id, league_id, odd_id) VALUES (947, 2, true, 3, '2018-09-19 10:15:45', 45, 1, 38, 3, null);
INSERT INTO Betting_Db.game (id, away_score, finished, home_score, start_time, away_team_id, country_id, home_team_id, league_id, odd_id) VALUES (948, 2, true, 0, '2018-09-19 10:15:45', 47, 1, 48, 3, null);
INSERT INTO Betting_Db.game (id, away_score, finished, home_score, start_time, away_team_id, country_id, home_team_id, league_id, odd_id) VALUES (949, 3, true, 2, '2018-09-19 10:15:45', 29, 1, 27, 2, null);
INSERT INTO Betting_Db.game (id, away_score, finished, home_score, start_time, away_team_id, country_id, home_team_id, league_id, odd_id) VALUES (950, 2, true, 4, '2018-09-19 10:15:45', 2, 1, 5, 1, null);
INSERT INTO Betting_Db.game (id, away_score, finished, home_score, start_time, away_team_id, country_id, home_team_id, league_id, odd_id) VALUES (951, 4, true, 4, '2018-09-19 10:15:45', 33, 1, 25, 2, null);
INSERT INTO Betting_Db.game (id, away_score, finished, home_score, start_time, away_team_id, country_id, home_team_id, league_id, odd_id) VALUES (952, 2, true, 4, '2018-09-19 10:15:45', 33, 1, 28, 2, null);
INSERT INTO Betting_Db.game (id, away_score, finished, home_score, start_time, away_team_id, country_id, home_team_id, league_id, odd_id) VALUES (953, 4, true, 3, '2018-09-19 10:15:45', 31, 1, 29, 2, null);
INSERT INTO Betting_Db.game (id, away_score, finished, home_score, start_time, away_team_id, country_id, home_team_id, league_id, odd_id) VALUES (954, 1, true, 3, '2018-09-19 10:15:45', 31, 1, 26, 2, null);
INSERT INTO Betting_Db.game (id, away_score, finished, home_score, start_time, away_team_id, country_id, home_team_id, league_id, odd_id) VALUES (955, 1, true, 3, '2018-09-19 10:15:45', 40, 1, 48, 3, null);
INSERT INTO Betting_Db.game (id, away_score, finished, home_score, start_time, away_team_id, country_id, home_team_id, league_id, odd_id) VALUES (956, 0, true, 1, '2018-09-19 10:15:45', 49, 1, 37, 3, null);
INSERT INTO Betting_Db.game (id, away_score, finished, home_score, start_time, away_team_id, country_id, home_team_id, league_id, odd_id) VALUES (957, 2, true, 3, '2018-09-19 10:15:45', 50, 1, 36, 3, null);
INSERT INTO Betting_Db.game (id, away_score, finished, home_score, start_time, away_team_id, country_id, home_team_id, league_id, odd_id) VALUES (958, 4, true, 3, '2018-09-19 10:15:45', 40, 1, 39, 3, null);
INSERT INTO Betting_Db.game (id, away_score, finished, home_score, start_time, away_team_id, country_id, home_team_id, league_id, odd_id) VALUES (959, 3, true, 2, '2018-09-19 10:15:45', 5, 1, 6, 1, null);
INSERT INTO Betting_Db.game (id, away_score, finished, home_score, start_time, away_team_id, country_id, home_team_id, league_id, odd_id) VALUES (960, 3, true, 3, '2018-09-19 10:15:45', 37, 1, 46, 3, null);
INSERT INTO Betting_Db.game (id, away_score, finished, home_score, start_time, away_team_id, country_id, home_team_id, league_id, odd_id) VALUES (961, 0, true, 2, '2018-09-19 10:15:45', 30, 1, 28, 2, null);
INSERT INTO Betting_Db.game (id, away_score, finished, home_score, start_time, away_team_id, country_id, home_team_id, league_id, odd_id) VALUES (962, 1, true, 0, '2018-09-19 10:15:45', 10, 1, 6, 1, null);
INSERT INTO Betting_Db.game (id, away_score, finished, home_score, start_time, away_team_id, country_id, home_team_id, league_id, odd_id) VALUES (963, 1, true, 4, '2018-09-19 10:15:45', 26, 1, 31, 2, null);
INSERT INTO Betting_Db.game (id, away_score, finished, home_score, start_time, away_team_id, country_id, home_team_id, league_id, odd_id) VALUES (964, 2, true, 0, '2018-09-19 10:15:45', 10, 1, 7, 1, null);
INSERT INTO Betting_Db.game (id, away_score, finished, home_score, start_time, away_team_id, country_id, home_team_id, league_id, odd_id) VALUES (965, 0, true, 1, '2018-09-19 10:15:45', 50, 1, 43, 3, null);
INSERT INTO Betting_Db.game (id, away_score, finished, home_score, start_time, away_team_id, country_id, home_team_id, league_id, odd_id) VALUES (966, 0, true, 1, '2018-09-19 10:15:45', 45, 1, 47, 3, null);
INSERT INTO Betting_Db.game (id, away_score, finished, home_score, start_time, away_team_id, country_id, home_team_id, league_id, odd_id) VALUES (967, 2, true, 3, '2018-09-19 10:15:45', 37, 1, 43, 3, null);
INSERT INTO Betting_Db.game (id, away_score, finished, home_score, start_time, away_team_id, country_id, home_team_id, league_id, odd_id) VALUES (968, 0, true, 1, '2018-09-19 10:15:45', 2, 1, 1, 1, null);
INSERT INTO Betting_Db.game (id, away_score, finished, home_score, start_time, away_team_id, country_id, home_team_id, league_id, odd_id) VALUES (969, 0, true, 2, '2018-09-19 10:15:45', 43, 1, 47, 3, null);
INSERT INTO Betting_Db.game (id, away_score, finished, home_score, start_time, away_team_id, country_id, home_team_id, league_id, odd_id) VALUES (970, 3, true, 0, '2018-09-19 10:15:45', 9, 1, 1, 1, null);
INSERT INTO Betting_Db.game (id, away_score, finished, home_score, start_time, away_team_id, country_id, home_team_id, league_id, odd_id) VALUES (971, 1, true, 4, '2018-09-19 10:15:45', 31, 1, 35, 2, null);
INSERT INTO Betting_Db.game (id, away_score, finished, home_score, start_time, away_team_id, country_id, home_team_id, league_id, odd_id) VALUES (972, 3, true, 3, '2018-09-19 10:15:45', 26, 1, 28, 2, null);
INSERT INTO Betting_Db.game (id, away_score, finished, home_score, start_time, away_team_id, country_id, home_team_id, league_id, odd_id) VALUES (973, 3, true, 2, '2018-09-19 10:15:45', 47, 1, 49, 3, null);
INSERT INTO Betting_Db.game (id, away_score, finished, home_score, start_time, away_team_id, country_id, home_team_id, league_id, odd_id) VALUES (974, 4, true, 4, '2018-09-19 10:15:45', 31, 1, 32, 2, null);
INSERT INTO Betting_Db.game (id, away_score, finished, home_score, start_time, away_team_id, country_id, home_team_id, league_id, odd_id) VALUES (975, 0, true, 4, '2018-09-19 10:15:45', 2, 1, 3, 1, null);
INSERT INTO Betting_Db.game (id, away_score, finished, home_score, start_time, away_team_id, country_id, home_team_id, league_id, odd_id) VALUES (976, 0, true, 2, '2018-09-19 10:15:45', 37, 1, 44, 3, null);
INSERT INTO Betting_Db.game (id, away_score, finished, home_score, start_time, away_team_id, country_id, home_team_id, league_id, odd_id) VALUES (977, 1, true, 0, '2018-09-19 10:15:45', 33, 1, 27, 2, null);
INSERT INTO Betting_Db.game (id, away_score, finished, home_score, start_time, away_team_id, country_id, home_team_id, league_id, odd_id) VALUES (978, 0, true, 4, '2018-09-19 10:15:45', 47, 1, 41, 3, null);
INSERT INTO Betting_Db.game (id, away_score, finished, home_score, start_time, away_team_id, country_id, home_team_id, league_id, odd_id) VALUES (979, 2, true, 4, '2018-09-19 10:15:45', 1, 1, 5, 1, null);
INSERT INTO Betting_Db.game (id, away_score, finished, home_score, start_time, away_team_id, country_id, home_team_id, league_id, odd_id) VALUES (980, 4, true, 0, '2018-09-19 10:15:45', 37, 1, 44, 3, null);
INSERT INTO Betting_Db.game (id, away_score, finished, home_score, start_time, away_team_id, country_id, home_team_id, league_id, odd_id) VALUES (981, 1, true, 0, '2018-09-19 10:15:45', 43, 1, 40, 3, null);
INSERT INTO Betting_Db.game (id, away_score, finished, home_score, start_time, away_team_id, country_id, home_team_id, league_id, odd_id) VALUES (982, 2, true, 0, '2018-09-19 10:15:45', 42, 1, 44, 3, null);
INSERT INTO Betting_Db.game (id, away_score, finished, home_score, start_time, away_team_id, country_id, home_team_id, league_id, odd_id) VALUES (983, 1, true, 4, '2018-09-19 10:15:45', 4, 1, 7, 1, null);
INSERT INTO Betting_Db.game (id, away_score, finished, home_score, start_time, away_team_id, country_id, home_team_id, league_id, odd_id) VALUES (984, 2, true, 4, '2018-09-19 10:15:45', 26, 1, 33, 2, null);
INSERT INTO Betting_Db.game (id, away_score, finished, home_score, start_time, away_team_id, country_id, home_team_id, league_id, odd_id) VALUES (985, 4, true, 4, '2018-09-19 10:15:45', 7, 1, 2, 1, null);
INSERT INTO Betting_Db.game (id, away_score, finished, home_score, start_time, away_team_id, country_id, home_team_id, league_id, odd_id) VALUES (986, 4, true, 2, '2018-09-19 10:15:45', 31, 1, 26, 2, null);
INSERT INTO Betting_Db.game (id, away_score, finished, home_score, start_time, away_team_id, country_id, home_team_id, league_id, odd_id) VALUES (987, 2, true, 1, '2018-09-19 10:15:45', 2, 1, 8, 1, null);
INSERT INTO Betting_Db.game (id, away_score, finished, home_score, start_time, away_team_id, country_id, home_team_id, league_id, odd_id) VALUES (988, 1, true, 4, '2018-09-19 10:15:45', 9, 1, 3, 1, null);
INSERT INTO Betting_Db.game (id, away_score, finished, home_score, start_time, away_team_id, country_id, home_team_id, league_id, odd_id) VALUES (989, 0, true, 4, '2018-09-19 10:15:45', 29, 1, 26, 2, null);
INSERT INTO Betting_Db.game (id, away_score, finished, home_score, start_time, away_team_id, country_id, home_team_id, league_id, odd_id) VALUES (990, 2, true, 4, '2018-09-19 10:15:45', 29, 1, 25, 2, null);
INSERT INTO Betting_Db.game (id, away_score, finished, home_score, start_time, away_team_id, country_id, home_team_id, league_id, odd_id) VALUES (991, 1, true, 2, '2018-09-19 10:15:45', 30, 1, 25, 2, null);
INSERT INTO Betting_Db.game (id, away_score, finished, home_score, start_time, away_team_id, country_id, home_team_id, league_id, odd_id) VALUES (992, 3, true, 3, '2018-09-19 10:15:45', 43, 1, 40, 3, null);
INSERT INTO Betting_Db.game (id, away_score, finished, home_score, start_time, away_team_id, country_id, home_team_id, league_id, odd_id) VALUES (993, 2, true, 4, '2018-09-19 10:15:45', 27, 1, 25, 2, null);
INSERT INTO Betting_Db.game (id, away_score, finished, home_score, start_time, away_team_id, country_id, home_team_id, league_id, odd_id) VALUES (994, 2, true, 4, '2018-09-19 10:15:45', 25, 1, 27, 2, null);
INSERT INTO Betting_Db.game (id, away_score, finished, home_score, start_time, away_team_id, country_id, home_team_id, league_id, odd_id) VALUES (995, 2, true, 4, '2018-09-19 10:15:45', 3, 1, 9, 1, null);
INSERT INTO Betting_Db.game (id, away_score, finished, home_score, start_time, away_team_id, country_id, home_team_id, league_id, odd_id) VALUES (996, 3, true, 4, '2018-09-19 10:15:45', 1, 1, 4, 1, null);
INSERT INTO Betting_Db.game (id, away_score, finished, home_score, start_time, away_team_id, country_id, home_team_id, league_id, odd_id) VALUES (997, 2, true, 2, '2018-09-19 10:15:45', 10, 1, 3, 1, null);
INSERT INTO Betting_Db.game (id, away_score, finished, home_score, start_time, away_team_id, country_id, home_team_id, league_id, odd_id) VALUES (998, 0, true, 1, '2018-09-19 10:15:45', 26, 1, 30, 2, null);
INSERT INTO Betting_Db.game (id, away_score, finished, home_score, start_time, away_team_id, country_id, home_team_id, league_id, odd_id) VALUES (999, 2, true, 2, '2018-09-19 10:15:45', 41, 1, 49, 3, null);
INSERT INTO Betting_Db.game (id, away_score, finished, home_score, start_time, away_team_id, country_id, home_team_id, league_id, odd_id) VALUES (1002, 0, false, 0, '2018-09-20 13:36:32', 6, 1, 2, 1, 1);
INSERT INTO Betting_Db.game (id, away_score, finished, home_score, start_time, away_team_id, country_id, home_team_id, league_id, odd_id) VALUES (1003, 0, false, 0, '2018-09-22 02:36:32', 28, 1, 33, 2, 2);
INSERT INTO Betting_Db.game (id, away_score, finished, home_score, start_time, away_team_id, country_id, home_team_id, league_id, odd_id) VALUES (1004, 0, false, 0, '2018-09-19 15:36:32', 6, 1, 9, 1, 3);
INSERT INTO Betting_Db.game (id, away_score, finished, home_score, start_time, away_team_id, country_id, home_team_id, league_id, odd_id) VALUES (1005, 0, false, 0, '2018-09-21 01:36:32', 50, 1, 44, 3, 4);
INSERT INTO Betting_Db.game (id, away_score, finished, home_score, start_time, away_team_id, country_id, home_team_id, league_id, odd_id) VALUES (1006, 0, false, 0, '2018-09-19 14:36:32', 30, 1, 27, 2, 5);
INSERT INTO Betting_Db.game (id, away_score, finished, home_score, start_time, away_team_id, country_id, home_team_id, league_id, odd_id) VALUES (1007, 0, false, 0, '2018-09-21 21:36:32', 50, 1, 37, 3, 6);
INSERT INTO Betting_Db.game (id, away_score, finished, home_score, start_time, away_team_id, country_id, home_team_id, league_id, odd_id) VALUES (1008, 0, false, 0, '2018-09-20 17:36:32', 43, 1, 39, 3, 7);
INSERT INTO Betting_Db.game (id, away_score, finished, home_score, start_time, away_team_id, country_id, home_team_id, league_id, odd_id) VALUES (1009, 0, false, 0, '2018-09-20 01:36:32', 48, 1, 42, 3, 8);
INSERT INTO Betting_Db.game (id, away_score, finished, home_score, start_time, away_team_id, country_id, home_team_id, league_id, odd_id) VALUES (1010, 0, false, 0, '2018-09-20 04:36:32', 38, 1, 42, 3, 9);
INSERT INTO Betting_Db.game (id, away_score, finished, home_score, start_time, away_team_id, country_id, home_team_id, league_id, odd_id) VALUES (1011, 0, false, 0, '2018-09-21 21:36:32', 3, 1, 1, 1, 10);
INSERT INTO Betting_Db.game (id, away_score, finished, home_score, start_time, away_team_id, country_id, home_team_id, league_id, odd_id) VALUES (1012, 0, false, 0, '2018-09-22 01:36:32', 25, 1, 30, 2, 11);
INSERT INTO Betting_Db.game (id, away_score, finished, home_score, start_time, away_team_id, country_id, home_team_id, league_id, odd_id) VALUES (1013, 0, false, 0, '2018-09-19 22:36:32', 5, 1, 2, 1, 12);
INSERT INTO Betting_Db.game (id, away_score, finished, home_score, start_time, away_team_id, country_id, home_team_id, league_id, odd_id) VALUES (1014, 0, false, 0, '2018-09-19 19:36:32', 8, 1, 7, 1, 13);
INSERT INTO Betting_Db.game (id, away_score, finished, home_score, start_time, away_team_id, country_id, home_team_id, league_id, odd_id) VALUES (1015, 0, false, 0, '2018-09-20 23:36:32', 36, 1, 48, 3, 14);
INSERT INTO Betting_Db.game (id, away_score, finished, home_score, start_time, away_team_id, country_id, home_team_id, league_id, odd_id) VALUES (1016, 0, false, 0, '2018-09-19 20:36:32', 44, 1, 37, 3, 15);
INSERT INTO Betting_Db.game (id, away_score, finished, home_score, start_time, away_team_id, country_id, home_team_id, league_id, odd_id) VALUES (1017, 0, false, 0, '2018-09-21 07:36:32', 3, 1, 1, 1, 16);
INSERT INTO Betting_Db.game (id, away_score, finished, home_score, start_time, away_team_id, country_id, home_team_id, league_id, odd_id) VALUES (1018, 0, false, 0, '2018-09-21 07:36:32', 37, 1, 45, 3, 17);
INSERT INTO Betting_Db.game (id, away_score, finished, home_score, start_time, away_team_id, country_id, home_team_id, league_id, odd_id) VALUES (1019, 0, false, 0, '2018-09-21 08:36:32', 33, 1, 30, 2, 18);
INSERT INTO Betting_Db.game (id, away_score, finished, home_score, start_time, away_team_id, country_id, home_team_id, league_id, odd_id) VALUES (1020, 0, false, 0, '2018-09-20 15:36:32', 6, 1, 3, 1, 19);
INSERT INTO Betting_Db.game (id, away_score, finished, home_score, start_time, away_team_id, country_id, home_team_id, league_id, odd_id) VALUES (1021, 0, false, 0, '2018-09-19 17:36:32', 27, 1, 33, 2, 20);
INSERT INTO Betting_Db.game (id, away_score, finished, home_score, start_time, away_team_id, country_id, home_team_id, league_id, odd_id) VALUES (1022, 0, false, 0, '2018-09-22 09:36:32', 9, 1, 6, 1, 21);
INSERT INTO Betting_Db.game (id, away_score, finished, home_score, start_time, away_team_id, country_id, home_team_id, league_id, odd_id) VALUES (1023, 0, false, 0, '2018-09-22 02:36:32', 5, 1, 7, 1, 22);
INSERT INTO Betting_Db.game (id, away_score, finished, home_score, start_time, away_team_id, country_id, home_team_id, league_id, odd_id) VALUES (1024, 0, false, 0, '2018-09-19 18:36:32', 30, 1, 35, 2, 23);
INSERT INTO Betting_Db.game (id, away_score, finished, home_score, start_time, away_team_id, country_id, home_team_id, league_id, odd_id) VALUES (1025, 0, false, 0, '2018-09-19 15:36:32', 40, 1, 39, 3, 24);
INSERT INTO Betting_Db.game (id, away_score, finished, home_score, start_time, away_team_id, country_id, home_team_id, league_id, odd_id) VALUES (1026, 0, false, 0, '2018-09-20 14:36:32', 49, 1, 45, 3, 25);
INSERT INTO Betting_Db.game (id, away_score, finished, home_score, start_time, away_team_id, country_id, home_team_id, league_id, odd_id) VALUES (1027, 0, false, 0, '2018-09-19 16:36:32', 6, 1, 4, 1, 26);
INSERT INTO Betting_Db.game (id, away_score, finished, home_score, start_time, away_team_id, country_id, home_team_id, league_id, odd_id) VALUES (1028, 0, false, 0, '2018-09-20 21:36:32', 48, 1, 50, 3, 27);
INSERT INTO Betting_Db.game (id, away_score, finished, home_score, start_time, away_team_id, country_id, home_team_id, league_id, odd_id) VALUES (1029, 0, false, 0, '2018-09-20 18:36:32', 36, 1, 45, 3, 28);
INSERT INTO Betting_Db.game (id, away_score, finished, home_score, start_time, away_team_id, country_id, home_team_id, league_id, odd_id) VALUES (1030, 0, false, 0, '2018-09-20 18:36:32', 10, 1, 1, 1, 29);
INSERT INTO Betting_Db.game (id, away_score, finished, home_score, start_time, away_team_id, country_id, home_team_id, league_id, odd_id) VALUES (1031, 0, false, 0, '2018-09-20 08:36:32', 5, 1, 9, 1, 30);
INSERT INTO Betting_Db.game (id, away_score, finished, home_score, start_time, away_team_id, country_id, home_team_id, league_id, odd_id) VALUES (1032, 0, false, 0, '2018-09-20 00:36:32', 30, 1, 35, 2, 31);
INSERT INTO Betting_Db.game (id, away_score, finished, home_score, start_time, away_team_id, country_id, home_team_id, league_id, odd_id) VALUES (1033, 0, false, 0, '2018-09-22 08:36:32', 35, 1, 31, 2, 32);
INSERT INTO Betting_Db.game (id, away_score, finished, home_score, start_time, away_team_id, country_id, home_team_id, league_id, odd_id) VALUES (1034, 0, false, 0, '2018-09-22 02:36:32', 43, 1, 47, 3, 33);
INSERT INTO Betting_Db.game (id, away_score, finished, home_score, start_time, away_team_id, country_id, home_team_id, league_id, odd_id) VALUES (1035, 0, false, 0, '2018-09-19 12:36:32', 1, 1, 4, 1, 34);
INSERT INTO Betting_Db.game (id, away_score, finished, home_score, start_time, away_team_id, country_id, home_team_id, league_id, odd_id) VALUES (1036, 0, false, 0, '2018-09-20 21:36:32', 34, 1, 28, 2, 35);
INSERT INTO Betting_Db.game (id, away_score, finished, home_score, start_time, away_team_id, country_id, home_team_id, league_id, odd_id) VALUES (1037, 0, false, 0, '2018-09-19 19:36:32', 33, 1, 32, 2, 36);
INSERT INTO Betting_Db.game (id, away_score, finished, home_score, start_time, away_team_id, country_id, home_team_id, league_id, odd_id) VALUES (1038, 0, false, 0, '2018-09-21 18:36:32', 46, 1, 47, 3, 37);
INSERT INTO Betting_Db.game (id, away_score, finished, home_score, start_time, away_team_id, country_id, home_team_id, league_id, odd_id) VALUES (1039, 0, false, 0, '2018-09-21 09:36:32', 31, 1, 28, 2, 38);
INSERT INTO Betting_Db.game (id, away_score, finished, home_score, start_time, away_team_id, country_id, home_team_id, league_id, odd_id) VALUES (1040, 0, false, 0, '2018-09-21 00:36:32', 25, 1, 28, 2, 39);
INSERT INTO Betting_Db.game (id, away_score, finished, home_score, start_time, away_team_id, country_id, home_team_id, league_id, odd_id) VALUES (1041, 0, false, 0, '2018-09-21 11:36:32', 9, 1, 1, 1, 40);
INSERT INTO Betting_Db.game (id, away_score, finished, home_score, start_time, away_team_id, country_id, home_team_id, league_id, odd_id) VALUES (1042, 0, false, 0, '2018-09-22 04:36:32', 35, 1, 33, 2, 41);
INSERT INTO Betting_Db.game (id, away_score, finished, home_score, start_time, away_team_id, country_id, home_team_id, league_id, odd_id) VALUES (1043, 0, false, 0, '2018-09-19 23:36:32', 4, 1, 10, 1, 42);
INSERT INTO Betting_Db.game (id, away_score, finished, home_score, start_time, away_team_id, country_id, home_team_id, league_id, odd_id) VALUES (1044, 0, false, 0, '2018-09-20 11:36:32', 6, 1, 9, 1, 43);
INSERT INTO Betting_Db.game (id, away_score, finished, home_score, start_time, away_team_id, country_id, home_team_id, league_id, odd_id) VALUES (1045, 0, false, 0, '2018-09-21 00:36:32', 26, 1, 25, 2, 44);
INSERT INTO Betting_Db.game (id, away_score, finished, home_score, start_time, away_team_id, country_id, home_team_id, league_id, odd_id) VALUES (1046, 0, false, 0, '2018-09-22 05:36:32', 31, 1, 26, 2, 45);
INSERT INTO Betting_Db.game (id, away_score, finished, home_score, start_time, away_team_id, country_id, home_team_id, league_id, odd_id) VALUES (1047, 0, false, 0, '2018-09-22 00:36:32', 37, 1, 49, 3, 46);
INSERT INTO Betting_Db.game (id, away_score, finished, home_score, start_time, away_team_id, country_id, home_team_id, league_id, odd_id) VALUES (1048, 0, false, 0, '2018-09-20 04:36:32', 6, 1, 3, 1, 47);
INSERT INTO Betting_Db.game (id, away_score, finished, home_score, start_time, away_team_id, country_id, home_team_id, league_id, odd_id) VALUES (1049, 0, false, 0, '2018-09-21 18:36:32', 27, 1, 32, 2, 48);
INSERT INTO Betting_Db.game (id, away_score, finished, home_score, start_time, away_team_id, country_id, home_team_id, league_id, odd_id) VALUES (1050, 0, false, 0, '2018-09-21 17:36:32', 42, 1, 49, 3, 49);

INSERT INTO Betting_Db.odd (id, away_odds, draw_odds, home_odds, game_id) VALUES (1, 2.33, 8.99, 1.85, 1002);
INSERT INTO Betting_Db.odd (id, away_odds, draw_odds, home_odds, game_id) VALUES (2, 2.56, 4.48, 2.15, 1003);
INSERT INTO Betting_Db.odd (id, away_odds, draw_odds, home_odds, game_id) VALUES (3, 2.62, 12.59, 1.61, 1004);
INSERT INTO Betting_Db.odd (id, away_odds, draw_odds, home_odds, game_id) VALUES (4, 2.4, 4.53, 2.26, 1005);
INSERT INTO Betting_Db.odd (id, away_odds, draw_odds, home_odds, game_id) VALUES (5, 2.28, 4.56, 2.37, 1006);
INSERT INTO Betting_Db.odd (id, away_odds, draw_odds, home_odds, game_id) VALUES (6, 2.78, 6.67, 1.75, 1007);
INSERT INTO Betting_Db.odd (id, away_odds, draw_odds, home_odds, game_id) VALUES (7, 1.9, 3.45, 3.8, 1008);
INSERT INTO Betting_Db.odd (id, away_odds, draw_odds, home_odds, game_id) VALUES (8, 2.26, 12.04, 1.81, 1009);
INSERT INTO Betting_Db.odd (id, away_odds, draw_odds, home_odds, game_id) VALUES (9, 2.04, 5.82, 2.4, 1010);
INSERT INTO Betting_Db.odd (id, away_odds, draw_odds, home_odds, game_id) VALUES (10, 2.69, 5.93, 1.85, 1011);
INSERT INTO Betting_Db.odd (id, away_odds, draw_odds, home_odds, game_id) VALUES (11, 2.27, 7.56, 1.97, 1012);
INSERT INTO Betting_Db.odd (id, away_odds, draw_odds, home_odds, game_id) VALUES (12, 2.82, 6.76, 1.73, 1013);
INSERT INTO Betting_Db.odd (id, away_odds, draw_odds, home_odds, game_id) VALUES (13, 2.66, 6.79, 1.8, 1014);
INSERT INTO Betting_Db.odd (id, away_odds, draw_odds, home_odds, game_id) VALUES (14, 2.78, 5.56, 1.85, 1015);
INSERT INTO Betting_Db.odd (id, away_odds, draw_odds, home_odds, game_id) VALUES (15, 2.26, 8.15, 1.94, 1016);
INSERT INTO Betting_Db.odd (id, away_odds, draw_odds, home_odds, game_id) VALUES (16, 2.78, 5.09, 1.91, 1017);
INSERT INTO Betting_Db.odd (id, away_odds, draw_odds, home_odds, game_id) VALUES (17, 1.78, 4.94, 3.17, 1018);
INSERT INTO Betting_Db.odd (id, away_odds, draw_odds, home_odds, game_id) VALUES (18, 2.59, 3.99, 2.25, 1019);
INSERT INTO Betting_Db.odd (id, away_odds, draw_odds, home_odds, game_id) VALUES (19, 2.9, 5.81, 1.77, 1020);
INSERT INTO Betting_Db.odd (id, away_odds, draw_odds, home_odds, game_id) VALUES (20, 2.87, 3.17, 2.41, 1021);
INSERT INTO Betting_Db.odd (id, away_odds, draw_odds, home_odds, game_id) VALUES (21, 2.3, 5.09, 2.23, 1022);
INSERT INTO Betting_Db.odd (id, away_odds, draw_odds, home_odds, game_id) VALUES (22, 3.1, 5.48, 1.74, 1023);
INSERT INTO Betting_Db.odd (id, away_odds, draw_odds, home_odds, game_id) VALUES (23, 2.6, 4.55, 2.1, 1024);
INSERT INTO Betting_Db.odd (id, away_odds, draw_odds, home_odds, game_id) VALUES (24, 2.06, 3.49, 3.24, 1025);
INSERT INTO Betting_Db.odd (id, away_odds, draw_odds, home_odds, game_id) VALUES (25, 1.7, 4.8, 3.52, 1026);
INSERT INTO Betting_Db.odd (id, away_odds, draw_odds, home_odds, game_id) VALUES (26, 2.11, 6.11, 2.26, 1027);
INSERT INTO Betting_Db.odd (id, away_odds, draw_odds, home_odds, game_id) VALUES (27, 2.49, 6.64, 1.9, 1028);
INSERT INTO Betting_Db.odd (id, away_odds, draw_odds, home_odds, game_id) VALUES (28, 2.2, 3.86, 2.72, 1029);
INSERT INTO Betting_Db.odd (id, away_odds, draw_odds, home_odds, game_id) VALUES (29, 2.74, 6.85, 1.76, 1030);
INSERT INTO Betting_Db.odd (id, away_odds, draw_odds, home_odds, game_id) VALUES (30, 3.26, 7.61, 1.56, 1031);
INSERT INTO Betting_Db.odd (id, away_odds, draw_odds, home_odds, game_id) VALUES (31, 2.69, 4.03, 2.17, 1032);
INSERT INTO Betting_Db.odd (id, away_odds, draw_odds, home_odds, game_id) VALUES (32, 2.65, 4.49, 2.08, 1033);
INSERT INTO Betting_Db.odd (id, away_odds, draw_odds, home_odds, game_id) VALUES (33, 2.71, 2.92, 2.71, 1034);
INSERT INTO Betting_Db.odd (id, away_odds, draw_odds, home_odds, game_id) VALUES (34, 2, 5.56, 2.5, 1035);
INSERT INTO Betting_Db.odd (id, away_odds, draw_odds, home_odds, game_id) VALUES (35, 3.03, 4.97, 1.82, 1036);
INSERT INTO Betting_Db.odd (id, away_odds, draw_odds, home_odds, game_id) VALUES (36, 3.44, 2.53, 2.53, 1037);
INSERT INTO Betting_Db.odd (id, away_odds, draw_odds, home_odds, game_id) VALUES (37, 3.79, 3.21, 1.98, 1038);
INSERT INTO Betting_Db.odd (id, away_odds, draw_odds, home_odds, game_id) VALUES (38, 2.24, 4.34, 2.48, 1039);
INSERT INTO Betting_Db.odd (id, away_odds, draw_odds, home_odds, game_id) VALUES (39, 2.69, 4.03, 2.17, 1040);
INSERT INTO Betting_Db.odd (id, away_odds, draw_odds, home_odds, game_id) VALUES (40, 3.07, 4.86, 1.82, 1041);
INSERT INTO Betting_Db.odd (id, away_odds, draw_odds, home_odds, game_id) VALUES (41, 2.74, 3.15, 2.52, 1042);
INSERT INTO Betting_Db.odd (id, away_odds, draw_odds, home_odds, game_id) VALUES (42, 3.04, 4.56, 1.88, 1043);
INSERT INTO Betting_Db.odd (id, away_odds, draw_odds, home_odds, game_id) VALUES (43, 2.82, 6.76, 1.73, 1044);
INSERT INTO Betting_Db.odd (id, away_odds, draw_odds, home_odds, game_id) VALUES (44, 2.86, 3.87, 2.12, 1045);
INSERT INTO Betting_Db.odd (id, away_odds, draw_odds, home_odds, game_id) VALUES (45, 2.06, 4.26, 2.78, 1046);
INSERT INTO Betting_Db.odd (id, away_odds, draw_odds, home_odds, game_id) VALUES (46, 2.14, 5.71, 2.28, 1047);
INSERT INTO Betting_Db.odd (id, away_odds, draw_odds, home_odds, game_id) VALUES (47, 3.07, 4.51, 1.88, 1048);
INSERT INTO Betting_Db.odd (id, away_odds, draw_odds, home_odds, game_id) VALUES (48, 3.85, 2.38, 2.5, 1049);
INSERT INTO Betting_Db.odd (id, away_odds, draw_odds, home_odds, game_id) VALUES (49, 2.55, 4.37, 2.18, 1050);

INSERT INTO Betting_Db.betslip (id, active, bet_slip_type, completed, final_odds, stake, won, user_id) VALUES (1, false, null, false, 56.05, 12.00, false, 1);
INSERT INTO Betting_Db.betslip (id, active, bet_slip_type, completed, final_odds, stake, won, user_id) VALUES (2, false, null, false, 19.97, 12.00, false, 1);
INSERT INTO Betting_Db.betslip (id, active, bet_slip_type, completed, final_odds, stake, won, user_id) VALUES (3, false, null, false, 38.21, 123.00, false, 1);

INSERT INTO Betting_Db.bet (id, bet_type, odds, status, bet_slip_id, game_id) VALUES (1, 1, 12.59, 0, 1, 1004);
INSERT INTO Betting_Db.bet (id, bet_type, odds, status, bet_slip_id, game_id) VALUES (2, 2, 2.26, 0, 1, 1009);
INSERT INTO Betting_Db.bet (id, bet_type, odds, status, bet_slip_id, game_id) VALUES (3, 0, 1.97, 0, 1, 1012);
INSERT INTO Betting_Db.bet (id, bet_type, odds, status, bet_slip_id, game_id) VALUES (4, 1, 3.45, 0, 2, 1008);
INSERT INTO Betting_Db.bet (id, bet_type, odds, status, bet_slip_id, game_id) VALUES (5, 2, 2.27, 0, 2, 1012);
INSERT INTO Betting_Db.bet (id, bet_type, odds, status, bet_slip_id, game_id) VALUES (6, 2, 2.55, 0, 2, 1050);
INSERT INTO Betting_Db.bet (id, bet_type, odds, status, bet_slip_id, game_id) VALUES (7, 2, 1.9, 0, 3, 1008);
INSERT INTO Betting_Db.bet (id, bet_type, odds, status, bet_slip_id, game_id) VALUES (8, 1, 7.56, 0, 3, 1012);
INSERT INTO Betting_Db.bet (id, bet_type, odds, status, bet_slip_id, game_id) VALUES (9, 2, 2.66, 0, 3, 1014);